Classes,Old Price,Price Change,New Price,date_range
Mitsubishi Eclipse Cross A/T / INFINITY - PL AWD 2025,"1,740,000
EGP","trending_down
-100,000
EGP","1,640,000
EGP",2025-11-18
Mitsubishi Eclipse Cross A/T / Instyle TL 2025,"1,660,000
EGP","trending_down
-100,000
EGP","1,560,000
EGP",2025-11-18
Mitsubishi Eclipse Cross A/T / Inspire - HL 2025,"1,600,000
EGP","trending_down
-100,000
EGP","1,500,000
EGP",2025-11-18
Mitsubishi Eclipse Cross A/T / Insport PLUS - ML PLUS 2025,"1,530,000
EGP","trending_down
-125,000
EGP","1,405,000
EGP",2025-11-18
Mitsubishi Eclipse Cross A/T / Insport BL 2025,"1,480,000
EGP","trending_down
-150,000
EGP","1,330,000
EGP",2025-11-18
GAC GS4 max A/T / Premium 2025,"1,440,000
EGP","trending_down
-90,000
EGP","1,350,000
EGP",2025-11-18
Changan CS 35 Plus A/T / FLAGSHIP 2025,"1,150,000
EGP","trending_down
-25,000
EGP","1,125,000
EGP",2025-11-16
Changan CS 35 Plus A/T / PREMIUM 2025,"1,050,000
EGP","trending_down
-20,000
EGP","1,030,000
EGP",2025-11-16
Changan CS 35 Plus A/T / ELITE 2025,"950,000
EGP","trending_down
-25,000
EGP","925,000
EGP",2025-11-16
Changan UNI-T A/T / Flagship 2025,"1,550,000
EGP","trending_down
-100,000
EGP","1,450,000
EGP",2025-11-16
Changan UNI-T A/T / Premium 2025,"1,450,000
EGP","trending_down
-100,000
EGP","1,350,000
EGP",2025-11-16
Haval H6 A/T / ULTRA 2026,"1,555,000
EGP","trending_down
-65,000
EGP","1,490,000
EGP",2025-11-16
Haval H6 A/T / Platinum 2026,"1,355,000
EGP","trending_down
-56,000
EGP","1,299,000
EGP",2025-11-16
Haval H6 HEV A/T / High Deluxe 2026,"1,590,000
EGP","trending_down
-100,000
EGP","1,490,000
EGP",2025-11-16
Haval H6 HEV A/T / High Deluxe 2025,"1,570,000
EGP","trending_down
-100,000
EGP","1,470,000
EGP",2025-11-16
Proton Saga A/T / Premium 2026,"670,000
EGP","trending_down
-20,100
EGP","649,900
EGP",2025-11-13
Toyota Corolla A/T / Elegance 2026,"1,650,000
EGP","trending_down
-150,000
EGP","1,500,000
EGP",2025-11-13
Toyota Corolla A/T / SMART 2026,"1,500,000
EGP","trending_down
-150,000
EGP","1,350,000
EGP",2025-11-13
Toyota Corolla AT / Comfort 2026,"1,400,000
EGP","trending_down
-150,000
EGP","1,250,000
EGP",2025-11-13
Toyota Corolla Automatic / Active 2026,"1,300,000
EGP","trending_down
-150,000
EGP","1,150,000
EGP",2025-11-13
Proton Saga A/T / Imported 2025,"670,000
EGP","trending_down
-20,000
EGP","650,000
EGP",2025-11-12
Citroën C4X A/T / Shine 2026,"1,449,000
EGP","trending_down
-100,000
EGP","1,349,000
EGP",2025-11-11
Citroën C4X A/T / Feel 2026,"1,289,000
EGP","trending_down
-90,000
EGP","1,199,000
EGP",2025-11-11
Haval Jolion Pro A/T / High Deluxe 2025,"1,340,000
EGP","trending_down
-141,000
EGP","1,199,000
EGP",2025-11-06
Haval H6 A/T / Platinum 2026,"1,399,000
EGP","trending_down
-44,000
EGP","1,355,000
EGP",2025-11-06
Haval Jolion A/T / High Deluxe 2025,"1,225,000
EGP","trending_down
-26,000
EGP","1,199,000
EGP",2025-11-06
Haval Jolion A/T / Deluxe SR 2025,"1,175,000
EGP","trending_down
-26,000
EGP","1,149,000
EGP",2025-11-06
Hyundai Ioniq 5 A/T / N BOOST (AWD) 2025,"3,750,000
EGP","trending_down
-500,000
EGP","3,250,000
EGP",2025-11-05
Hyundai Ioniq 5 A/T / EXTREME AWD 2025,"3,350,000
EGP","trending_down
-600,000
EGP","2,750,000
EGP",2025-11-05
Hyundai Ioniq 5 A/T / EXTREME 2025,"3,150,000
EGP","trending_down
-600,000
EGP","2,550,000
EGP",2025-11-05
Hyundai Ioniq 5 A/T /  CONNECT PLUS 2025,"2,750,000
EGP","trending_down
-600,000
EGP","2,150,000
EGP",2025-11-05
Hyundai Ioniq 6 A/T / EXTREME AWD 2025,"3,150,000
EGP","trending_down
-600,000
EGP","2,550,000
EGP",2025-11-05
Hyundai Ioniq 6 A/T / EXTREME RWD 2025,"2,950,000
EGP","trending_down
-600,000
EGP","2,350,000
EGP",2025-11-05
Hyundai Ioniq 6 A/T / CONNECT PLUS 2025,"2,700,000
EGP","trending_down
-600,000
EGP","2,100,000
EGP",2025-11-05
Hyundai Santa Fe Automtic 2025,"3,150,000
EGP","trending_down
-250,000
EGP","2,900,000
EGP",2025-11-05
Hyundai Santa Fe A/T / 4w 2025,"3,650,000
EGP","trending_down
-250,000
EGP","3,400,000
EGP",2025-11-05
Chevrolet Optra A/T / Ls 2026,"744,900
EGP","trending_down
-20,000
EGP","724,900
EGP",2025-11-04
Chevrolet Optra A/T / Lt 2026,"769,900
EGP","trending_down
-20,000
EGP","749,900
EGP",2025-11-04
Baic U5 plus A/T / Highline 2025,"749,900
EGP","trending_up
+20,000
EGP","769,900
EGP",2025-11-03
Ds Ds4 A/T / Trocadero 2025,"2,060,000
EGP","trending_down
-170,000
EGP","1,890,000
EGP",2025-11-03
Ds Ds4 A/T / Performance Line 2025,"2,200,000
EGP","trending_down
-200,000
EGP","2,000,000
EGP",2025-11-03
Hyundai Tucson A/T / N-Line 2025,"2,199,000
EGP","trending_down
-100,000
EGP","2,099,000
EGP",2025-11-02
Hyundai Tucson A/T / BLACK DIAMOND 2025,"2,099,000
EGP","trending_down
-100,000
EGP","1,999,000
EGP",2025-11-02
Hyundai Tucson A/T / NIGHT 2025,"1,999,000
EGP","trending_down
-100,000
EGP","1,899,000
EGP",2025-11-02
Hyundai Tucson A/T / Redine 2025,"1,900,000
EGP","trending_down
-151,000
EGP","1,749,000
EGP",2025-11-02
Hyundai Tucson A/T / Blaze 2025,"1,749,000
EGP","trending_down
-100,000
EGP","1,649,000
EGP",2025-11-02
Hyundai Tucson A/T / SHADOW 2025,"1,599,000
EGP","trending_down
-100,000
EGP","1,499,000
EGP",2025-11-02
Hyundai Tucson A/T / N-Line 2026,"2,250,000
EGP","trending_down
-100,000
EGP","2,150,000
EGP",2025-11-02
Hyundai Tucson A/T / BLACK DIAMOND 2026,"2,150,000
EGP","trending_down
-100,000
EGP","2,050,000
EGP",2025-11-02
Hyundai Tucson A/T / NIGHT 2026,"2,050,000
EGP","trending_down
-100,000
EGP","1,950,000
EGP",2025-11-02
Hyundai Tucson A/T / Redine 2026,"1,900,000
EGP","trending_down
-100,000
EGP","1,800,000
EGP",2025-11-02
Hyundai Tucson A/T / Blaze 2026,"1,800,000
EGP","trending_down
-100,000
EGP","1,700,000
EGP",2025-11-02
Hyundai Tucson A/T / SHADOW 2026,"1,650,000
EGP","trending_down
-100,000
EGP","1,550,000
EGP",2025-11-02
Kaiyi X3 Pro A/T / Flagship 2026,"849,900
EGP","trending_up
+10,000
EGP","859,900
EGP",2025-11-02
Kaiyi X3 Pro A/T / Top Line 2026,"810,000
EGP","trending_down
-10,005
EGP","799,995
EGP",2025-11-02
Rox 01 A/T / Family 7 seats 2025,"3,650,000
EGP","trending_down
-450,000
EGP","3,200,000
EGP",2025-11-02
Rox 01 A/T / Aviation 6 seats 2025,"3,735,000
EGP","trending_down
-435,000
EGP","3,300,000
EGP",2025-11-02
Volkswagen Golf A/T / Life 2025,"1,750,000
EGP","trending_down
-60,000
EGP","1,690,000
EGP",2025-10-28
Volkswagen Tiguan A/T / R-Line 2025,"2,550,000
EGP","trending_down
-200,000
EGP","2,350,000
EGP",2025-10-28
Baic X7 A/T / Premium 2025,"1,724,900
EGP","trending_down
-195,000
EGP","1,529,900
EGP",2025-10-27
Baic X7 A/T / Top Line 2025,"1,649,900
EGP","trending_down
-195,000
EGP","1,454,900
EGP",2025-10-27
Baic X7 A/T / Highline 2025,"1,574,900
EGP","trending_down
-195,000
EGP","1,379,900
EGP",2025-10-27
Volvo EX30 A/T / Twin Plus Performance 2025,"2,270,000
EGP","trending_down
-320,000
EGP","1,950,000
EGP",2025-10-21
Volvo EX30 A/T / Single Ultra Extended Range 2025,"2,230,000
EGP","trending_down
-431,000
EGP","1,799,000
EGP",2025-10-21
Volvo EX30 A/T / Single PLUS Extended Range 2025,"2,030,000
EGP","trending_down
-331,000
EGP","1,699,000
EGP",2025-10-21
Peugeot 5008 A/T / GT 2026,"2,574,990
EGP","trending_down
-125,000
EGP","2,449,990
EGP",2025-10-21
Peugeot 5008 A/T / Allure 2026,"2,284,990
EGP","trending_down
-110,000
EGP","2,174,990
EGP",2025-10-21
Peugeot 3008 A/T / GT 2026,"2,349,990
EGP","trending_down
-100,000
EGP","2,249,990
EGP",2025-10-21
Peugeot 3008 A/T / Allure 2026,"2,049,990
EGP","trending_down
-60,000
EGP","1,989,990
EGP",2025-10-21
Peugeot 408 A/T / GT 2026,"2,299,990
EGP","trending_down
-100,000
EGP","2,199,990
EGP",2025-10-21
Peugeot 408 A/T / ALLURE PACK 2026,"1,949,990
EGP","trending_down
-60,000
EGP","1,889,990
EGP",2025-10-21
Skoda Karoq A/T / Suite 2026,"2,150,000
EGP","trending_down
-200,000
EGP","1,950,000
EGP",2025-10-15
Skoda Superb A/T / Selection 2026,"2,550,000
EGP","trending_down
-50,000
EGP","2,500,000
EGP",2025-10-15
Skoda Kodiaq A/T / Sportline 2026,"3,250,000
EGP","trending_down
-150,000
EGP","3,100,000
EGP",2025-10-15
Skoda Kodiaq A/T / Suite 2026,"2,950,000
EGP","trending_down
-200,000
EGP","2,750,000
EGP",2025-10-15
Skoda Kodiaq A/T / Loft 2026,"2,550,000
EGP","trending_down
-100,000
EGP","2,450,000
EGP",2025-10-15
Skoda Octavia A8 A/T / Suite 2026,"2,100,000
EGP","trending_down
-150,000
EGP","1,950,000
EGP",2025-10-15
Skoda Octavia A8 A/T / Lounge 2026,"1,950,000
EGP","trending_down
-100,000
EGP","1,850,000
EGP",2025-10-15
Skoda Octavia A8 A/T / Loft 2026,"1,750,000
EGP","trending_down
-100,000
EGP","1,650,000
EGP",2025-10-15
Kaiyi X3 Pro A/T / Flagship 2026,"948,750
EGP","trending_down
-98,850
EGP","849,900
EGP",2025-10-13
Kaiyi X3 Pro A/T / Top Line 2026,"915,000
EGP","trending_down
-105,000
EGP","810,000
EGP",2025-10-13
Renault Austral A/T / Esprit Alpine / B/E 2026,"2,020,000
EGP","trending_down
-250,000
EGP","1,770,000
EGP",2025-10-13
Renault Austral A/T /  Esprit Alpine 2026,"1,990,000
EGP","trending_down
-250,000
EGP","1,740,000
EGP",2025-10-13
Renault Austral A/T / Iconic 2026,"1,880,000
EGP","trending_down
-250,000
EGP","1,630,000
EGP",2025-10-13
Renault Austral A/T / Techno 2026,"1,770,000
EGP","trending_down
-200,000
EGP","1,570,000
EGP",2025-10-13
Renault Austral A/T / Evolution 2026,"1,590,000
EGP","trending_down
-190,000
EGP","1,400,000
EGP",2025-10-13
Volvo XC90 A/T / Ultimate 2025,"5,290,000
EGP","trending_down
-340,000
EGP","4,950,000
EGP",2025-10-13
Zeekr 001 A/T / Performance AWD 2025,"3,300,000
EGP","trending_down
-351,000
EGP","2,949,000
EGP",2025-10-08
Zeekr 001 A/T / Privilege AWD 2025,"2,980,000
EGP","trending_down
-231,000
EGP","2,749,000
EGP",2025-10-08
Zeekr 001 A/T / Long Range 2025,"2,700,000
EGP","trending_down
-251,000
EGP","2,449,000
EGP",2025-10-08
Zeekr X A/T / Performance 2025,"2,250,000
EGP","trending_down
-401,000
EGP","1,849,000
EGP",2025-10-08
Zeekr X A/T / Long Range 2025,"2,100,000
EGP","trending_down
-401,000
EGP","1,699,000
EGP",2025-10-08
Ds DS7 A/T / Etoile 2025,"2,850,000
EGP","trending_down
-175,000
EGP","2,675,000
EGP",2025-10-07
Ds DS7 A/T / pallas 2025,"2,595,000
EGP","trending_down
-245,000
EGP","2,350,000
EGP",2025-10-07
MG ZS A/T / Luxury 2026,"1,080,000
EGP","trending_down
-30,010
EGP","1,049,990
EGP",2025-10-06
MG ZS Automatic / Comfort 2026,"990,000
EGP","trending_down
-60,010
EGP","929,990
EGP",2025-10-06
MG 5 A/T / Luxury 2026,"950,000
EGP","trending_down
-50,010
EGP","899,990
EGP",2025-10-06
Hyundai Accent RB A/T / Highline 2026,"930,000
EGP","trending_down
-31,000
EGP","899,000
EGP",2025-10-06
Hyundai Accent RB A/T / DAB ABS 2026,"875,000
EGP","trending_down
-25,000
EGP","850,000
EGP",2025-10-06
Hyundai Accent RB A/T / SR 2026,"829,900
EGP","trending_down
-20,000
EGP","809,900
EGP",2025-10-06
Hyundai Accent RB A/T / GL 2026,"799,900
EGP","trending_down
-20,000
EGP","779,900
EGP",2025-10-06
Nissan Qashqai AT / N-Design e-PWR 2025,"1,899,000
EGP","trending_down
-15,000
EGP","1,884,000
EGP",2025-10-01
Nissan Qashqai AT / N-Connecta 2025,"1,499,000
EGP","trending_down
-35,000
EGP","1,464,000
EGP",2025-10-01
Nissan Juke AT / N-Design 2025,"1,218,000
EGP","trending_up
+7,000
EGP","1,225,000
EGP",2025-10-01
Nissan Juke AT / Tekna 2025,"1,168,000
EGP","trending_up
+7,000
EGP","1,175,000
EGP",2025-10-01
Nissan Juke AT / ACCENTA 2025,"1,068,000
EGP","trending_up
+7,000
EGP","1,075,000
EGP",2025-10-01
Nissan XTrail A/T / E-4orce Tekna 2026,"2,350,000
EGP","trending_down
-50,010
EGP","2,299,990
EGP",2025-10-01
Nissan XTrail A/T / N-Terk 2026,"2,130,000
EGP","trending_down
-50,010
EGP","2,079,990
EGP",2025-10-01
Nissan XTrail A/T / Acenta 2WD 2026,"2,050,000
EGP","trending_down
-50,010
EGP","1,999,990
EGP",2025-10-01
Nissan Sentra A/T / Highline 2026,"920,000
EGP","trending_down
-21,000
EGP","899,000
EGP",2025-10-01
Nissan Sunny A/T / Super Saloon 2026,"810,000
EGP","trending_down
-15,000
EGP","795,000
EGP",2025-10-01
Nissan Sunny A/T / plus 2026,"780,000
EGP","trending_down
-35,000
EGP","745,000
EGP",2025-10-01
Nissan Sunny A/T / Baseline 2026,"735,000
EGP","trending_down
-45,000
EGP","690,000
EGP",2025-10-01
Smart 3 A/T / BRABUS 2025,"2,690,000
EGP","trending_down
-300,000
EGP","2,390,000
EGP",2025-10-01
Smart 3 A/T / Premium 2025,"2,490,000
EGP","trending_down
-300,000
EGP","2,190,000
EGP",2025-10-01
Smart 3 A/T / Pro+ 2025,"2,290,000
EGP","trending_down
-300,000
EGP","1,990,000
EGP",2025-10-01
Smart 1 A/T / BRABUS 2025,"2,440,000
EGP","trending_down
-300,000
EGP","2,140,000
EGP",2025-10-01
Smart 1 A/T / Premium 2025,"2,290,000
EGP","trending_down
-300,000
EGP","1,990,000
EGP",2025-10-01
Smart 1 A/T / Pure+ 2025,"1,890,000
EGP","trending_down
-400,000
EGP","1,490,000
EGP",2025-10-01
Smart 1 A/T / Pro+ 2025,"2,140,000
EGP","trending_down
-300,000
EGP","1,840,000
EGP",2025-10-01
KGM Torres Automtic /adventure plus 4*4 2025,"2,090,000
EGP","trending_down
-50,000
EGP","2,040,000
EGP",2025-09-30
KGM Torres A/T / Luxury 2025,"1,990,000
EGP","trending_down
-50,000
EGP","1,940,000
EGP",2025-09-30
KGM Torres A/T / Premium 2025,"1,849,000
EGP","trending_down
-50,000
EGP","1,799,000
EGP",2025-09-30
KGM Torres Automtic /advanced 2025,"1,699,000
EGP","trending_down
-49,000
EGP","1,650,000
EGP",2025-09-30
KGM Torres Automtic /comfort 2025,"1,575,000
EGP","trending_down
-50,000
EGP","1,525,000
EGP",2025-09-30
Hongqi Ousado A/T / Comfort 2026,"1,500,000
EGP","trending_down
-10,000
EGP","1,490,000
EGP",2025-09-30
Hyundai Tucson A/T / Blaze 2026,"1,650,000
EGP","trending_up
+150,000
EGP","1,800,000
EGP",2025-09-28
Hyundai Tucson A/T / Redine 2025,"1,849,000
EGP","trending_up
+51,000
EGP","1,900,000
EGP",2025-09-28
Changan Eado plus A/T / Flagship 2026,"1,265,000
EGP","trending_down
-65,000
EGP","1,200,000
EGP",2025-09-28
Changan Eado plus A/T / Premium 2026,"1,165,000
EGP","trending_down
-65,000
EGP","1,100,000
EGP",2025-09-28
Changan Eado plus A/T / Elite 2026,"1,065,000
EGP","trending_down
-15,000
EGP","1,050,000
EGP",2025-09-28
Alfa Romeo Tonale AT / sprint 2025,"2,690,000
EGP","trending_down
-65,000
EGP","2,625,000
EGP",2025-09-25
Alfa Romeo Stelvio A/T / Veloce 2025,"3,850,000
EGP","trending_down
-300,000
EGP","3,550,000
EGP",2025-09-25
Alfa Romeo Stelvio A/T / Sprint 2025,"3,500,000
EGP","trending_down
-175,000
EGP","3,325,000
EGP",2025-09-25
Alfa Romeo Giulia A/T / Veloce 2025,"3,300,000
EGP","trending_down
-151,000
EGP","3,149,000
EGP",2025-09-25
Alfa Romeo Giulia AT / sprint 2025,"3,000,000
EGP","trending_down
-251,000
EGP","2,749,000
EGP",2025-09-25
Jetour T2 A/T / Luxury 2026,"1,865,000
EGP","trending_down
-90,000
EGP","1,775,000
EGP",2025-09-23
Jetour T1 A/T / Luxury 2026,"1,695,000
EGP","trending_down
-110,000
EGP","1,585,000
EGP",2025-09-23
GAC GS3  Emzoom Automatic / RS Style 2025,"1,385,000
EGP","trending_down
-110,000
EGP","1,275,000
EGP",2025-09-22
GAC GS3  Emzoom Automatic / GL 2025,"1,255,000
EGP","trending_down
-60,000
EGP","1,195,000
EGP",2025-09-22
GAC GS3  Emzoom Automtic / GB 2025,"1,155,000
EGP","trending_down
-40,000
EGP","1,115,000
EGP",2025-09-22
GAC GS3  Emzoom Automtic /GS 2025,"1,095,000
EGP","trending_down
-40,000
EGP","1,055,000
EGP",2025-09-22
Baic BJ30 A/T / ULTRA 2025,"1,789,900
EGP","trending_down
-115,000
EGP","1,674,900
EGP",2025-09-16
Baic BJ30 A/T / PRO 2025,"1,689,900
EGP","trending_down
-115,000
EGP","1,574,900
EGP",2025-09-16
Baic U5 plus A/T / Top Line 2025,"899,900
EGP","trending_down
-45,000
EGP","854,900
EGP",2025-09-16
Baic U5 plus A/T / Highline 2025,"799,900
EGP","trending_down
-50,000
EGP","749,900
EGP",2025-09-16
Citroën C4 A/T / Shine Two Tone 2026,"1,550,000
EGP","trending_down
-160,000
EGP","1,390,000
EGP",2025-09-16
Citroën C5 Aircross A/T / Shine 2026,"1,850,000
EGP","trending_down
-120,000
EGP","1,730,000
EGP",2025-09-16
Citroën C5 Aircross A/T / Shine Entry 2026,"1,720,000
EGP","trending_down
-130,000
EGP","1,590,000
EGP",2025-09-16
Xpeng G9 A/T /  Long Range + Nappa 2025,"3,350,000
EGP","trending_up
+30,000
EGP","3,380,000
EGP",2025-09-15
Xpeng G9 A/T / Performance 2025,"3,700,000
EGP","trending_down
-200,000
EGP","3,500,000
EGP",2025-09-15
Xpeng G6 A/T / STANDARD RANGE 2025,"2,390,000
EGP","trending_up
+60,000
EGP","2,450,000
EGP",2025-09-15
Xpeng G6 A/T / LONG RANGE 2025,"2,590,000
EGP","trending_up
+10,000
EGP","2,600,000
EGP",2025-09-15
Renault Megane A/T / Signature Turbo 2026,"1,450,000
EGP","trending_down
-160,000
EGP","1,290,000
EGP",2025-09-14
Renault Megane A/T / Signature 2026,"1,350,000
EGP","trending_down
-160,000
EGP","1,190,000
EGP",2025-09-14
Renault Megane A/T / Dynamic 2026,"1,250,000
EGP","trending_down
-160,000
EGP","1,090,000
EGP",2025-09-14
Renault Duster A/T / H3 2026,"1,399,900
EGP","trending_down
-79,900
EGP","1,320,000
EGP",2025-09-14
Renault Duster A/T / H2 2026,"1,324,900
EGP","trending_down
-84,900
EGP","1,240,000
EGP",2025-09-14
Renault Duster A/T / H1 2026,"1,224,900
EGP","trending_down
-74,900
EGP","1,150,000
EGP",2025-09-14
Peugeot 3008 A/T / GT 2026,"2,459,990
EGP","trending_down
-110,000
EGP","2,349,990
EGP",2025-09-14
Peugeot 3008 A/T / Allure 2026,"2,199,990
EGP","trending_down
-150,000
EGP","2,049,990
EGP",2025-09-14
Peugeot 5008 A/T / GT 2026,"2,674,990
EGP","trending_down
-100,000
EGP","2,574,990
EGP",2025-09-14
Peugeot 5008 A/T / Allure 2026,"2,424,990
EGP","trending_down
-140,000
EGP","2,284,990
EGP",2025-09-14
Opel Mokka A/T / Black Edition 2026,"1,490,000
EGP","trending_down
-100,000
EGP","1,390,000
EGP",2025-09-14
Skoda Kodiaq A/T / Loft 2025,"2,549,000
EGP","trending_down
-49,000
EGP","2,500,000
EGP",2025-09-09
Skoda Karoq A/T / Luxury 2025,"2,250,000
EGP","trending_down
-150,000
EGP","2,100,000
EGP",2025-09-09
Skoda Kodiaq A/T / Sportline 2025,"3,299,000
EGP","trending_down
-99,000
EGP","3,200,000
EGP",2025-09-09
Skoda Kodiaq A/T / Suite 2025,"3,099,000
EGP","trending_down
-199,000
EGP","2,900,000
EGP",2025-09-09
Skoda Kodiaq A/T / Lounge 2025,"2,799,000
EGP","trending_down
-99,000
EGP","2,700,000
EGP",2025-09-09
Skoda Octavia A8 A/T / Suite 2025,"2,199,000
EGP","trending_down
-149,000
EGP","2,050,000
EGP",2025-09-09
Skoda Octavia A8 A/T / Lounge 2025,"1,999,000
EGP","trending_down
-99,000
EGP","1,900,000
EGP",2025-09-09
Skoda Octavia A8 A/T / Loft 2025,"1,799,000
EGP","trending_down
-99,000
EGP","1,700,000
EGP",2025-09-09
Geely Cool Ray A/T / sport / (Abou Ghaly) 2025,"1,596,000
EGP","trending_down
-297,000
EGP","1,299,000
EGP",2025-09-02
Geely Cool Ray A/T / Premium / (Abou Ghaly) 2025,"1,446,000
EGP","trending_down
-247,000
EGP","1,199,000
EGP",2025-09-02
Geely Cool Ray A/T / GL / (Abou Ghaly) 2025,"1,376,000
EGP","trending_down
-277,000
EGP","1,099,000
EGP",2025-09-02
Geely Emgrand A/T / Luxury / (Abou Ghaly) 2025,"999,000
EGP","trending_down
-60,000
EGP","939,000
EGP",2025-09-02
Geely Emgrand A/T / Comfort / (Abou Ghaly) 2025,"879,000
EGP","trending_down
-40,000
EGP","839,000
EGP",2025-09-02
Geely Starray A/T / Sport + (Abou Ghaly) 2025,"1,879,000
EGP","trending_down
-110,000
EGP","1,769,000
EGP",2025-09-02
Geely Starray A/T / Sport (Abou Ghaly) 2025,"1,799,000
EGP","trending_down
-100,000
EGP","1,699,000
EGP",2025-09-02
Geely Starray A/T / Premium (Abou Ghaly) 2025,"1,699,000
EGP","trending_down
-100,000
EGP","1,599,000
EGP",2025-09-02
Geely Starray A/T / Comfort / (Abou Ghaly) 2025,"1,599,000
EGP","trending_down
-100,000
EGP","1,499,000
EGP",2025-09-02
Seat Arona A/T / FR / Black 2025,"1,349,000
EGP","trending_down
-60,000
EGP","1,289,000
EGP",2025-09-02
Seat Ateca A/T / FR 2025,"1,949,000
EGP","trending_down
-100,000
EGP","1,849,000
EGP",2025-09-02
Seat Ateca A/T / Style Plus 2025,"1,749,000
EGP","trending_down
-40,000
EGP","1,709,000
EGP",2025-09-02
Seat Leon A/T / Advance 2025,"1,499,000
EGP","trending_down
-25,000
EGP","1,474,000
EGP",2025-09-02
Seat Arona A/T / Experience 2025,"1,319,000
EGP","trending_down
-30,000
EGP","1,289,000
EGP",2025-09-02
Seat Ibiza A/T / Black Series 2025,"1,339,000
EGP","trending_down
-80,000
EGP","1,259,000
EGP",2025-09-02
Seat Ibiza A/T / FR 2025,"1,269,000
EGP","trending_down
-70,000
EGP","1,199,000
EGP",2025-09-02
Seat Ibiza A/T / Reference 2025,"1,069,000
EGP","trending_down
-70,000
EGP","999,000
EGP",2025-09-02
Nissan Sentra A/T / Highline 2026,"888,000
EGP","trending_up
+32,000
EGP","920,000
EGP",2025-09-02
Haval Jolion A/T / High Deluxe 2025,"1,300,000
EGP","trending_down
-75,000
EGP","1,225,000
EGP",2025-09-02
Haval Jolion A/T / Deluxe SR 2025,"1,250,000
EGP","trending_down
-75,000
EGP","1,175,000
EGP",2025-09-02
Haval H6 HEV A/T / High Deluxe 2026,"1,690,000
EGP","trending_down
-100,000
EGP","1,590,000
EGP",2025-09-02
Haval H6 HEV A/T / High Deluxe 2025,"1,660,000
EGP","trending_down
-90,000
EGP","1,570,000
EGP",2025-09-02
Cupra Terramar AT / CONTROL 2025,"2,539,000
EGP","trending_down
-240,000
EGP","2,299,000
EGP",2025-09-02
Cupra Terramar A/T / IMPULSE 2025,"2,449,000
EGP","trending_down
-250,000
EGP","2,199,000
EGP",2025-09-02
Cupra Leon Automatic 2025,"1,799,000
EGP","trending_down
-55,000
EGP","1,744,000
EGP",2025-09-02
Jac JS6 A/T / LIMITED 2026,"1,225,000
EGP","trending_up
+15,000
EGP","1,240,000
EGP",2025-09-01
Hyundai Elantra AD A/T / Top Line 2025,"1,170,000
EGP","trending_down
-50,000
EGP","1,120,000
EGP",2025-09-01
Hyundai Elantra AD A/T / Modern 2025,"1,065,000
EGP","trending_down
-50,000
EGP","1,015,000
EGP",2025-09-01
Hyundai Elantra AD A/T / Smart 2025,"985,000
EGP","trending_down
-50,000
EGP","935,000
EGP",2025-09-01
Hyundai Elantra AD A/T / Top Line 2026,"1,185,000
EGP","trending_down
-50,000
EGP","1,135,000
EGP",2025-09-01
Hyundai Elantra AD A/T / Modern 2026,"1,080,000
EGP","trending_down
-50,000
EGP","1,030,000
EGP",2025-09-01
Hyundai Elantra AD A/T / Smart 2026,"995,000
EGP","trending_down
-50,000
EGP","945,000
EGP",2025-09-01
Chery Tiggo 7 A/T / Highline 2026,"1,080,000
EGP","trending_down
-81,000
EGP","999,000
EGP",2025-09-01
Chery Tiggo 7 A/T /  Baseline 2026,"995,000
EGP","trending_down
-66,000
EGP","929,000
EGP",2025-09-01
Chery Tiggo 4 Pro A/T / Highline / Turbo 2026,"1,055,000
EGP","trending_down
-75,000
EGP","980,000
EGP",2025-09-01
Chery Tiggo 4 Pro A/T / Luxury 2026,"980,000
EGP","trending_down
-65,000
EGP","915,000
EGP",2025-09-01
Chery Tiggo 4 Pro A/T / Comfort 2026,"900,000
EGP","trending_down
-25,000
EGP","875,000
EGP",2025-09-01
Chery EQ7 Automtic 2026,"1,720,000
EGP","trending_down
-121,000
EGP","1,599,000
EGP",2025-09-01
Geely Cool Ray A/T / Sport (AUTO MOBILITY) Local simplified 2025,"1,299,000
EGP","trending_down
-100,000
EGP","1,199,000
EGP",2025-08-27
Geely Cool Ray A/T / Premium ( AUTO MOBILITY) Local simplified 2025,"1,199,000
EGP","trending_down
-100,000
EGP","1,099,000
EGP",2025-08-27
Geely Cool Ray A/T / Comfort ( AUTO MOBILITY)Local simplified 2025,"1,099,000
EGP","trending_down
-100,000
EGP","999,000
EGP",2025-08-27
Geely Cool Ray A/T / Comfort ( AUTO MOBILITY)Local simplified 2025,"999,000
EGP","trending_up
+100,000
EGP","1,099,000
EGP",2025-08-27
Geely Cool Ray A/T / Comfort ( AUTO MOBILITY)Local simplified 2025,"1,099,000
EGP","trending_down
-100,000
EGP","999,000
EGP",2025-08-27
Geely Emgrand Automtic / Luxury /  ( AUTO MOBILITY)Local simplified 2025,"999,000
EGP","trending_down
-60,000
EGP","939,000
EGP",2025-08-27
Geely Emgrand Automatic / Comfort /  ( AUTO MOBILITY)Local simplified 2025,"879,000
EGP","trending_down
-40,000
EGP","839,000
EGP",2025-08-27
GAC Empow A/T / GE S-Style 2025,"1,385,000
EGP","trending_down
-45,000
EGP","1,340,000
EGP",2025-08-27
GAC Empow A/T / GB 2025,"1,275,000
EGP","trending_down
-45,000
EGP","1,230,000
EGP",2025-08-27
GAC Empow A/T / GS 2025,"1,125,000
EGP","trending_down
-45,000
EGP","1,080,000
EGP",2025-08-27
Mitsubishi Mirage A/T / Highline 2025,"805,000
EGP","trending_down
-50,000
EGP","755,000
EGP",2025-08-26
Mitsubishi Attrage A/T / Highline 2025,"790,000
EGP","trending_down
-50,000
EGP","740,000
EGP",2025-08-26
Mitsubishi Eclipse Cross A/T / INFINITY - PL AWD 2025,"1,880,000
EGP","trending_down
-140,000
EGP","1,740,000
EGP",2025-08-26
Mitsubishi Eclipse Cross A/T / Instyle TL 2025,"1,800,000
EGP","trending_down
-140,000
EGP","1,660,000
EGP",2025-08-26
Mitsubishi Eclipse Cross A/T / Inspire - HL 2025,"1,750,000
EGP","trending_down
-150,000
EGP","1,600,000
EGP",2025-08-26
Mitsubishi Eclipse Cross A/T / Insport PLUS - ML PLUS 2025,"1,700,000
EGP","trending_down
-170,000
EGP","1,530,000
EGP",2025-08-26
Mitsubishi Eclipse Cross A/T / Insport BL 2025,"1,650,000
EGP","trending_down
-170,000
EGP","1,480,000
EGP",2025-08-26
Mitsubishi Outlander Sport Automtic / PREMIUM LINE 2025,"1,550,000
EGP","trending_down
-100,000
EGP","1,450,000
EGP",2025-08-26
Mitsubishi Outlander Sport Automtic / HIGH LINE 2025,"1,425,000
EGP","trending_down
-100,000
EGP","1,325,000
EGP",2025-08-26
Mitsubishi Outlander Sport A/T / Midline 2025,"1,375,000
EGP","trending_down
-100,000
EGP","1,275,000
EGP",2025-08-26
Jetour X70 Plus A/T / Luxury local 2025,"1,130,000
EGP","trending_up
+30,000
EGP","1,160,000
EGP",2025-08-25
Vgv U70P Plus A/T / Highline 2025,"1,069,900
EGP","trending_down
-50,000
EGP","1,019,900
EGP",2025-08-25
Vgv U70Pro Plus A/T / Top Line 2025,"1,189,990
EGP","trending_down
-90,090
EGP","1,099,900
EGP",2025-08-25
Kaiyi X3 Pro A/T / Flagship 2026,"995,000
EGP","trending_down
-46,250
EGP","948,750
EGP",2025-08-24
Kaiyi X3 Pro A/T / Top Line 2026,"945,000
EGP","trending_down
-30,000
EGP","915,000
EGP",2025-08-24
MG HS A/T / Luxury 2026,"1,450,000
EGP","trending_up
+150,000
EGP","1,600,000
EGP",2025-08-24
Changan UNI-V A/T / Flagship 2026,"1,325,000
EGP","trending_up
+25,000
EGP","1,350,000
EGP",2025-08-24
MG HS A/T / Luxury 2026,"1,600,000
EGP","trending_down
-150,000
EGP","1,450,000
EGP",2025-08-24
MG RX5 Plus A/T / Luxury 2026,"1,490,000
EGP","trending_down
-110,000
EGP","1,380,000
EGP",2025-08-24
MG One A/T / Luxury 2026,"1,420,000
EGP","trending_down
-120,100
EGP","1,299,900
EGP",2025-08-24
Ds Ds4 A/T / Performance Line 2024,"2,150,000
EGP","trending_down
-50,000
EGP","2,100,000
EGP",2025-08-20
Lynkco 06 A/T / Hyper Halo 2025,"1,599,000
EGP","trending_down
-149,000
EGP","1,450,000
EGP",2025-08-17
Lynkco 06 A/T / Hyper Pro 2025,"1,499,000
EGP","trending_down
-149,000
EGP","1,350,000
EGP",2025-08-17
Lynkco 06 A/T / Core Plus 2025,"1,389,000
EGP","trending_down
-139,000
EGP","1,250,000
EGP",2025-08-17
GAC GS4 Automtic / GE 2025,"1,385,000
EGP","trending_down
-30,000
EGP","1,355,000
EGP",2025-08-10
GAC GS4 Automtic / GB 2025,"1,315,000
EGP","trending_down
-50,000
EGP","1,265,000
EGP",2025-08-10
GAC GS4 Automtic / GS 2025,"1,235,000
EGP","trending_down
-50,000
EGP","1,185,000
EGP",2025-08-10
Chevrolet Optra A/T / Lt 2026,"790,000
EGP","trending_down
-20,100
EGP","769,900
EGP",2025-08-07
Chevrolet Optra A/T / Ls 2026,"765,000
EGP","trending_down
-20,100
EGP","744,900
EGP",2025-08-07
Chevrolet Captiva A/T / LV3 (7seats) 2025,"1,550,000
EGP","trending_down
-350,000
EGP","1,200,000
EGP",2025-08-07
Chevrolet Captiva A/T / LV3 2025,"1,500,000
EGP","trending_down
-350,000
EGP","1,150,000
EGP",2025-08-07
Geely Starray A/T / Sport +( AUTO MOBILITY) 2025,"1,879,000
EGP","trending_down
-110,000
EGP","1,769,000
EGP",2025-08-06
Geely Starray A/T / Sport ( AUTO MOBILITY) 2025,"1,799,000
EGP","trending_down
-100,000
EGP","1,699,000
EGP",2025-08-06
Geely Starray A/T / Premium ( AUTO MOBILITY) 2025,"1,699,000
EGP","trending_down
-100,000
EGP","1,599,000
EGP",2025-08-06
Geely Starray A/T / Comfort ( AUTO MOBILITY) 2025,"1,599,000
EGP","trending_down
-100,000
EGP","1,499,000
EGP",2025-08-06
Changan Eado plus A/T / Flagship 2026,"1,250,000
EGP","trending_up
+15,000
EGP","1,265,000
EGP",2025-08-04
Changan Eado plus A/T / Premium 2026,"1,150,000
EGP","trending_up
+15,000
EGP","1,165,000
EGP",2025-08-04
Changan Eado plus A/T / Elite 2026,"1,050,000
EGP","trending_up
+15,000
EGP","1,065,000
EGP",2025-08-04
Changan UNI-V A/T / Flagship 2026,"1,300,000
EGP","trending_up
+25,000
EGP","1,325,000
EGP",2025-08-04
GAC GS3  Emzoom Automatic / RS Style 2025,"1,465,000
EGP","trending_down
-80,000
EGP","1,385,000
EGP",2025-08-03
GAC GS3  Emzoom Automatic / GL 2025,"1,355,000
EGP","trending_down
-100,000
EGP","1,255,000
EGP",2025-08-03
GAC GS3  Emzoom Automtic / GB 2025,"1,255,000
EGP","trending_down
-100,000
EGP","1,155,000
EGP",2025-08-03
GAC GS3  Emzoom Automtic /GS 2025,"1,195,000
EGP","trending_down
-100,000
EGP","1,095,000
EGP",2025-08-03
GAC Empow A/T / GE S-Style 2025,"1,425,000
EGP","trending_down
-40,000
EGP","1,385,000
EGP",2025-08-03
GAC Empow A/T / GB 2025,"1,315,000
EGP","trending_down
-40,000
EGP","1,275,000
EGP",2025-08-03
GAC Empow A/T / GS 2025,"1,165,000
EGP","trending_down
-40,000
EGP","1,125,000
EGP",2025-08-03
Hyundai Tucson A/T / SHADOW 2025,"1,650,000
EGP","trending_down
-51,000
EGP","1,599,000
EGP",2025-08-03
Hyundai Tucson A/T / N-Line 2025,"2,350,000
EGP","trending_down
-151,000
EGP","2,199,000
EGP",2025-08-03
Hyundai Tucson A/T / BLACK DIAMOND 2025,"2,250,000
EGP","trending_down
-151,000
EGP","2,099,000
EGP",2025-08-03
Hyundai Tucson A/T / NIGHT 2025,"2,100,000
EGP","trending_down
-101,000
EGP","1,999,000
EGP",2025-08-03
Hyundai Tucson A/T / Redine 2025,"1,900,000
EGP","trending_down
-51,000
EGP","1,849,000
EGP",2025-08-03
Hyundai Tucson A/T / Blaze 2025,"1,790,000
EGP","trending_down
-41,000
EGP","1,749,000
EGP",2025-08-03
Jetour X90 Plus A/T / Luxury 2025,"1,664,000
EGP","trending_down
-194,000
EGP","1,470,000
EGP",2025-08-03
Jetour X70 Plus A/T / Luxury local 2025,"1,195,000
EGP","trending_down
-65,000
EGP","1,130,000
EGP",2025-08-03
Changan CS 35 Plus A/T / FLAGSHIP 2025,"1,200,000
EGP","trending_down
-50,000
EGP","1,150,000
EGP",2025-08-03
Changan CS 35 Plus A/T / PREMIUM 2025,"1,100,000
EGP","trending_down
-50,000
EGP","1,050,000
EGP",2025-08-03
Changan CS 35 Plus A/T / ELITE 2025,"999,000
EGP","trending_down
-49,000
EGP","950,000
EGP",2025-08-03
Chery Tiggo 8 Pro A/T / Flagship 2025,"1,690,000
EGP","trending_down
-215,000
EGP","1,475,000
EGP",2025-08-03
Chery Tiggo 8 Pro A/T / Luxury 2025,"1,590,000
EGP","trending_down
-215,000
EGP","1,375,000
EGP",2025-08-03
Chery Tiggo 7 pro A/T / Luxury 2025,"1,350,000
EGP","trending_down
-140,000
EGP","1,210,000
EGP",2025-08-03
Chery Tiggo 7 pro A/T / Comfort 2025,"1,250,000
EGP","trending_down
-140,000
EGP","1,110,000
EGP",2025-08-03
Bestune T55 A/T / PREMIUM PLUS 2025,"1,175,000
EGP","trending_down
-120,000
EGP","1,055,000
EGP",2025-08-03
Bestune B70S A/T / Limousine 2025,"1,375,000
EGP","trending_down
-100,000
EGP","1,275,000
EGP",2025-08-03
Bestune B70S A/T / Premium 2025,"1,355,000
EGP","trending_down
-100,000
EGP","1,255,000
EGP",2025-08-03
Bestune T77 Pro A/T / Premium 2025,"1,385,000
EGP","trending_down
-110,000
EGP","1,275,000
EGP",2025-08-03
Chery Tiggo 8 Pro A/T / Flagship 2026,"1,700,000
EGP","trending_down
-225,000
EGP","1,475,000
EGP",2025-08-03
Chery Tiggo 8 Pro A/T / Luxury 2026,"1,600,000
EGP","trending_down
-225,000
EGP","1,375,000
EGP",2025-08-03
Chery Tiggo 7 pro A/T / Luxury 2026,"1,370,000
EGP","trending_down
-140,000
EGP","1,230,000
EGP",2025-08-03
Chery Tiggo 7 pro A/T / Comfort 2026,"1,270,000
EGP","trending_down
-140,000
EGP","1,130,000
EGP",2025-08-03
Chery Arrizo 5 AT / HIGHLINE 2026,"755,000
EGP","trending_down
-20,000
EGP","735,000
EGP",2025-08-03
Chery Arrizo 5 AT / BASELINE Leather 2026,"725,000
EGP","trending_down
-20,000
EGP","705,000
EGP",2025-08-03
Chery Arrizo 5 Manual / Base Line  / Leather 2026,"675,000
EGP","trending_down
-20,000
EGP","655,000
EGP",2025-08-03
Haval H6 HEV A/T / High Deluxe 2026,"1,795,000
EGP","trending_down
-105,000
EGP","1,690,000
EGP",2025-07-16
Haval H6 HEV A/T / High Deluxe 2025,"1,775,000
EGP","trending_down
-115,000
EGP","1,660,000
EGP",2025-07-16
Haval H6 A/T / Top Line 2025,"1,620,000
EGP","trending_down
-171,000
EGP","1,449,000
EGP",2025-07-16
Haval H6 A/T / Deluxe SR 2025,"1,500,000
EGP","trending_down
-171,000
EGP","1,329,000
EGP",2025-07-16
Haval H6 A/T / Deluxe 2025,"1,470,000
EGP","trending_down
-171,000
EGP","1,299,000
EGP",2025-07-16
Haval H6 A/T / Standard 2025,"1,350,000
EGP","trending_down
-171,000
EGP","1,179,000
EGP",2025-07-16
Haval Jolion Pro A/T / High Deluxe 2025,"1,390,000
EGP","trending_down
-50,000
EGP","1,340,000
EGP",2025-07-16
Haval Jolion A/T / High Deluxe 2025,"1,370,000
EGP","trending_down
-70,000
EGP","1,300,000
EGP",2025-07-16
Haval Jolion A/T / Deluxe SR 2025,"1,320,000
EGP","trending_down
-70,000
EGP","1,250,000
EGP",2025-07-16
Haval Jolion A/T / Deluxe 2025,"1,240,000
EGP","trending_down
-70,000
EGP","1,170,000
EGP",2025-07-16
Haval Jolion A/T / Standard 2025,"1,150,000
EGP","trending_down
-70,000
EGP","1,080,000
EGP",2025-07-16
Chery Tiggo 7 A/T /  Baseline 2026,"955,000
EGP","trending_up
+40,000
EGP","995,000
EGP",2025-07-13
Jeep Grand Cherokee L Automtic 2025,"5,400,000
EGP","trending_up
+200,000
EGP","5,600,000
EGP",2025-07-09
Subaru XV Crosstrek Automtic 2024,"2,450,000
EGP","trending_down
-150,000
EGP","2,300,000
EGP",2025-07-07
Volkswagen Golf A/T / Life 2025,"1,850,000
EGP","trending_down
-100,000
EGP","1,750,000
EGP",2025-07-06
Volkswagen Touareg A/T / R-Line 2025,"4,250,000
EGP","trending_up
+200,000
EGP","4,450,000
EGP",2025-07-06
Volkswagen Tiguan A/T / R-Line 2025,"2,650,000
EGP","trending_down
-100,000
EGP","2,550,000
EGP",2025-07-06
Chery Tiggo 8 A/T / Luxury 7 Seats 2026,"1,320,000
EGP","trending_down
-70,000
EGP","1,250,000
EGP",2025-07-02
Chery Tiggo 8 A/T / Comfort 7 Seats 2026,"1,195,000
EGP","trending_down
-70,000
EGP","1,125,000
EGP",2025-07-02
Chery Tiggo 8 A/T / Luxury 2026,"1,265,000
EGP","trending_down
-70,000
EGP","1,195,000
EGP",2025-07-02
Chery Tiggo 7 A/T / Highline 2026,"1,110,000
EGP","trending_down
-30,000
EGP","1,080,000
EGP",2025-07-02
Chery Tiggo 7 A/T /  Baseline 2026,"1,025,000
EGP","trending_down
-70,000
EGP","955,000
EGP",2025-07-02
Chery Tiggo 4 Pro A/T / Highline / Turbo 2026,"1,080,000
EGP","trending_down
-25,000
EGP","1,055,000
EGP",2025-07-02
Chery Tiggo 4 Pro A/T / Luxury 2026,"1,005,000
EGP","trending_down
-25,000
EGP","980,000
EGP",2025-07-02
Chery Tiggo 4 Pro A/T / Comfort 2026,"925,000
EGP","trending_down
-25,000
EGP","900,000
EGP",2025-07-02
Nissan Sunny A/T / Super Saloon 2026,"795,000
EGP","trending_up
+15,000
EGP","810,000
EGP",2025-07-01
Nissan Sunny A/T / plus 2026,"765,000
EGP","trending_up
+15,000
EGP","780,000
EGP",2025-07-01
Nissan Sunny A/T / Baseline 2026,"710,000
EGP","trending_up
+25,000
EGP","735,000
EGP",2025-07-01
Nissan Sentra A/T / Highline 2026,"999,000
EGP","trending_down
-111,000
EGP","888,000
EGP",2025-07-01
Jac JS4 A/T / Ultimat 2025,"1,069,900
EGP","trending_down
-71,900
EGP","998,000
EGP",2025-06-29
Jac J7 A/T / Ultimate 2025,"1,069,900
EGP","trending_down
-71,900
EGP","998,000
EGP",2025-06-29
KGM Torres Automtic /adventure plus 4*4 2025,"2,190,000
EGP","trending_down
-100,000
EGP","2,090,000
EGP",2025-06-17
KGM Torres A/T / Luxury 2025,"2,090,000
EGP","trending_down
-100,000
EGP","1,990,000
EGP",2025-06-17
KGM Torres A/T / Premium 2025,"1,925,000
EGP","trending_down
-76,000
EGP","1,849,000
EGP",2025-06-17
KGM Torres Automtic /advanced 2025,"1,799,000
EGP","trending_down
-100,000
EGP","1,699,000
EGP",2025-06-17
KGM Torres Automtic /comfort 2025,"1,675,000
EGP","trending_down
-100,000
EGP","1,575,000
EGP",2025-06-17
Hyundai Santa Fe A/T / 4w 2025,"3,900,000
EGP","trending_down
-250,000
EGP","3,650,000
EGP",2025-06-12
Hyundai Santa Fe Automtic 2025,"3,350,000
EGP","trending_down
-200,000
EGP","3,150,000
EGP",2025-06-12
Vgv U70 Pro A/T / Top Line 2024,"1,059,900
EGP","trending_down
-10,000
EGP","1,049,900
EGP",2025-06-04
Nissan Sunny A/T / Baseline 2026,"695,000
EGP","trending_up
+15,000
EGP","710,000
EGP",2025-06-02
Volvo EX30 A/T /  Twin Ultra Performance 2025,"2,299,000
EGP","trending_up
+61,000
EGP","2,360,000
EGP",2025-05-28
Volvo EX30 A/T / Twin Plus Performance 2025,"2,195,000
EGP","trending_up
+75,000
EGP","2,270,000
EGP",2025-05-28
Volvo EX30 A/T / Single Ultra Extended Range 2025,"2,150,000
EGP","trending_up
+80,000
EGP","2,230,000
EGP",2025-05-28
Volvo EX30 A/T / Single PLUS Extended Range 2025,"1,995,000
EGP","trending_up
+35,000
EGP","2,030,000
EGP",2025-05-28
Chevrolet Optra A/T / Lt 2026,"770,000
EGP","trending_up
+20,000
EGP","790,000
EGP",2025-05-26
Chevrolet Optra A/T / Ls 2026,"745,000
EGP","trending_up
+20,000
EGP","765,000
EGP",2025-05-26
Hyundai Elantra AD A/T / Top Line 2025,"1,175,000
EGP","trending_down
-5,000
EGP","1,170,000
EGP",2025-05-22
Hyundai Elantra AD A/T / Modern 2025,"1,070,000
EGP","trending_down
-5,000
EGP","1,065,000
EGP",2025-05-22
Hyundai Elantra AD A/T / Smart 2025,"990,000
EGP","trending_down
-5,000
EGP","985,000
EGP",2025-05-22
Jetour X70 Plus A/T / Luxury 2025,"1,379,000
EGP","trending_up
+55,000
EGP","1,434,000
EGP",2025-05-21
Jetour Dashing A/T / Luxury 2025,"1,689,000
EGP","trending_down
-50,000
EGP","1,639,000
EGP",2025-05-21
Jetour Dashing A/T / Luxury 2025,"1,419,000
EGP","trending_up
+20,000
EGP","1,439,000
EGP",2025-05-21
Jetour Dashing A/T / Luxury 2025,"1,519,000
EGP","trending_down
-100,000
EGP","1,419,000
EGP",2025-05-21
Jetour X70 Plus A/T / Luxury 2025,"1,479,000
EGP","trending_down
-100,000
EGP","1,379,000
EGP",2025-05-21
Jetour X90 Plus A/T / Luxury 2025,"1,764,000
EGP","trending_down
-100,000
EGP","1,664,000
EGP",2025-05-21
Exeed VX A/T / flagship 2025,"3,380,000
EGP","trending_down
-400,000
EGP","2,980,000
EGP",2025-05-21
Exeed VX A/T / Luxury 2025,"2,980,000
EGP","trending_down
-300,000
EGP","2,680,000
EGP",2025-05-21
Exeed RX A/T / Flagship 2025,"2,780,000
EGP","trending_down
-400,000
EGP","2,380,000
EGP",2025-05-21
Exeed RX Automtic 2025,"2,380,000
EGP","trending_down
-400,000
EGP","1,980,000
EGP",2025-05-21
Hyundai Accent RB A/T / GL 2025,"795,000
EGP","trending_down
-5,000
EGP","790,000
EGP",2025-05-21
Hyundai Accent RB A/T / SR 2025,"825,000
EGP","trending_down
-5,000
EGP","820,000
EGP",2025-05-21
Hyundai Accent RB A/T / DAB ABS 2025,"870,000
EGP","trending_down
-5,000
EGP","865,000
EGP",2025-05-21
Hyundai Accent RB A/T / DAB ABS PLUS 2025,"890,000
EGP","trending_down
-5,000
EGP","885,000
EGP",2025-05-21
Hyundai Accent RB A/T / Highline 2025,"925,000
EGP","trending_down
-5,000
EGP","920,000
EGP",2025-05-21
Haval H6 A/T / Top Line 2025,"1,580,000
EGP","trending_up
+40,000
EGP","1,620,000
EGP",2025-05-18
Haval H6 A/T / Deluxe SR 2025,"1,460,000
EGP","trending_up
+40,000
EGP","1,500,000
EGP",2025-05-18
Haval H6 A/T / Deluxe 2025,"1,430,000
EGP","trending_up
+40,000
EGP","1,470,000
EGP",2025-05-18
Haval H6 A/T / Standard 2025,"1,310,000
EGP","trending_up
+40,000
EGP","1,350,000
EGP",2025-05-18
Haval H6 HEV A/T / High Deluxe 2025,"1,795,000
EGP","trending_down
-20,000
EGP","1,775,000
EGP",2025-05-18
Skoda Kodiaq A/T / Sportline 2025,"3,500,000
EGP","trending_down
-201,000
EGP","3,299,000
EGP",2025-05-18
Skoda Kodiaq A/T / Suite 2025,"3,300,000
EGP","trending_down
-201,000
EGP","3,099,000
EGP",2025-05-18
Skoda Kodiaq A/T / Lounge 2025,"3,000,000
EGP","trending_down
-201,000
EGP","2,799,000
EGP",2025-05-18
Skoda Kodiaq A/T / Loft 2025,"2,700,000
EGP","trending_down
-151,000
EGP","2,549,000
EGP",2025-05-18
Skoda Octavia A8 A/T / Suite 2025,"2,400,000
EGP","trending_down
-201,000
EGP","2,199,000
EGP",2025-05-18
Skoda Octavia A8 A/T / Lounge 2025,"2,200,000
EGP","trending_down
-201,000
EGP","1,999,000
EGP",2025-05-18
Skoda Octavia A8 A/T / Loft 2025,"2,000,000
EGP","trending_down
-201,000
EGP","1,799,000
EGP",2025-05-18
Renault Megane A/T / Signature 2025,"1,510,000
EGP","trending_down
-160,000
EGP","1,350,000
EGP",2025-05-15
Renault Megane A/T / Dynamic 2025,"1,400,000
EGP","trending_down
-150,000
EGP","1,250,000
EGP",2025-05-15
Renault Megane A/T / Signature Turbo 2025,"1,610,000
EGP","trending_down
-160,000
EGP","1,450,000
EGP",2025-05-15
Seat Ateca A/T / FR 2025,"2,025,000
EGP","trending_down
-76,000
EGP","1,949,000
EGP",2025-05-13
Seat Ateca A/T / Style Plus 2025,"1,825,000
EGP","trending_down
-76,000
EGP","1,749,000
EGP",2025-05-13
Seat Leon A/T / Advance 2025,"1,625,000
EGP","trending_down
-126,000
EGP","1,499,000
EGP",2025-05-13
Seat Arona A/T / Experience 2025,"1,370,000
EGP","trending_down
-51,000
EGP","1,319,000
EGP",2025-05-13
Seat Ibiza A/T / Black Series 2025,"1,370,000
EGP","trending_down
-31,000
EGP","1,339,000
EGP",2025-05-13
Seat Ibiza A/T / FR 2025,"1,320,000
EGP","trending_down
-51,000
EGP","1,269,000
EGP",2025-05-13
Seat Ibiza A/T / Reference 2025,"1,120,000
EGP","trending_down
-51,000
EGP","1,069,000
EGP",2025-05-13
Cupra Leon Automatic 2025,"1,899,000
EGP","trending_down
-100,000
EGP","1,799,000
EGP",2025-05-13
Citroën C5 Aircross A/T / FEEL / with out sunroof 2025,"1,865,000
EGP","trending_down
-195,000
EGP","1,670,000
EGP",2025-05-13
Hyundai Tucson A/T / N-Line 2025,"2,425,000
EGP","trending_down
-75,000
EGP","2,350,000
EGP",2025-05-04
Baic X55 A/T / Premium 2025,"1,414,900
EGP","trending_up
+100,000
EGP","1,514,900
EGP",2025-04-28
Baic X55 A/T / Top Line 2025,"1,294,900
EGP","trending_up
+95,000
EGP","1,389,900
EGP",2025-04-28
Baic X55 A/T / Highline 2025,"1,194,900
EGP","trending_up
+95,000
EGP","1,289,900
EGP",2025-04-28
Baic U5 plus A/T / Top Line 2025,"899,900
EGP","trending_up
+75,000
EGP","974,900
EGP",2025-04-28
Baic U5 plus A/T / Highline 2025,"799,900
EGP","trending_up
+75,000
EGP","874,900
EGP",2025-04-28
Cupra Terramar AT / CONTROL 2025,"2,450,000
EGP","trending_up
+89,000
EGP","2,539,000
EGP",2025-04-26
Opel Grandland A/T / Top Line+ 2025,"2,099,990
EGP","trending_up
+100,000
EGP","2,199,990
EGP",2025-04-24
Opel Grandland A/T / Top Line 2025,"1,949,990
EGP","trending_up
+100,000
EGP","2,049,990
EGP",2025-04-24
Opel Grandland A/T / Highline 2025,"1,849,990
EGP","trending_up
+100,000
EGP","1,949,990
EGP",2025-04-24
Geely Cool Ray A/T / Sport (AUTO MOBILITY) Local simplified 2025,"1,270,000
EGP","trending_up
+29,000
EGP","1,299,000
EGP",2025-04-22
Geely Cool Ray A/T / Premium ( AUTO MOBILITY) Local simplified 2025,"1,170,000
EGP","trending_up
+29,000
EGP","1,199,000
EGP",2025-04-22
Geely Cool Ray A/T / Comfort ( AUTO MOBILITY)Local simplified 2025,"1,070,000
EGP","trending_up
+29,000
EGP","1,099,000
EGP",2025-04-22
Geely Emgrand Automtic / Luxury /  ( AUTO MOBILITY)Local simplified 2025,"970,000
EGP","trending_up
+29,000
EGP","999,000
EGP",2025-04-22
Geely Emgrand Automatic / Comfort /  ( AUTO MOBILITY)Local simplified 2025,"850,000
EGP","trending_up
+29,000
EGP","879,000
EGP",2025-04-22
Geely GX3 Pro A/T / Premium (AUTO MOBILITY) 2025,"925,000
EGP","trending_down
-75,100
EGP","849,900
EGP",2025-04-22
Geely Starray A/T / Sport +( AUTO MOBILITY) 2025,"2,029,000
EGP","trending_down
-150,000
EGP","1,879,000
EGP",2025-04-22
Geely Starray A/T / Sport ( AUTO MOBILITY) 2025,"1,949,000
EGP","trending_down
-150,000
EGP","1,799,000
EGP",2025-04-22
Geely Starray A/T / Premium ( AUTO MOBILITY) 2025,"1,849,000
EGP","trending_down
-150,000
EGP","1,699,000
EGP",2025-04-22
Geely Starray A/T / Comfort ( AUTO MOBILITY) 2025,"1,749,000
EGP","trending_down
-150,000
EGP","1,599,000
EGP",2025-04-22
Geely Starray A/T / Sport + (Abou Ghaly) 2025,"2,049,000
EGP","trending_down
-170,000
EGP","1,879,000
EGP",2025-04-22
Geely Starray A/T / Sport (Abou Ghaly) 2025,"1,959,000
EGP","trending_down
-160,000
EGP","1,799,000
EGP",2025-04-22
Geely Starray A/T / Premium (Abou Ghaly) 2025,"1,895,000
EGP","trending_down
-196,000
EGP","1,699,000
EGP",2025-04-22
Geely Starray A/T / Comfort / (Abou Ghaly) 2025,"1,759,000
EGP","trending_down
-160,000
EGP","1,599,000
EGP",2025-04-22
Geely Okavango A/T /Premium / (Abou Ghaly) 2025,"1,769,900
EGP","trending_down
-130,900
EGP","1,639,000
EGP",2025-04-22
Geely GX3 Pro A/T / Premium (Abou Ghaly) 2025,"925,000
EGP","trending_down
-75,100
EGP","849,900
EGP",2025-04-22
Geely Cool Ray A/T / sport (Abou Ghaly) 2025,"1,270,000
EGP","trending_up
+29,000
EGP","1,299,000
EGP",2025-04-22
Geely Cool Ray A/T / Premium (Abou Ghaly) 2025,"1,170,000
EGP","trending_up
+29,000
EGP","1,199,000
EGP",2025-04-22
Geely Cool Ray A/T / Comfort / (Abou Ghaly) 2025,"1,070,000
EGP","trending_up
+29,000
EGP","1,099,000
EGP",2025-04-22
Geely Emgrand A/T / Luxury / (Abou Ghaly) 2025,"970,000
EGP","trending_up
+29,000
EGP","999,000
EGP",2025-04-22
Geely Emgrand A/T / Comfort / (Abou Ghaly) 2025,"850,000
EGP","trending_up
+29,000
EGP","879,000
EGP",2025-04-22
Haval H6 A/T / Top Line 2025,"1,620,000
EGP","trending_down
-40,000
EGP","1,580,000
EGP",2025-04-16
Haval H6 A/T / Deluxe SR 2025,"1,500,000
EGP","trending_down
-40,000
EGP","1,460,000
EGP",2025-04-16
Haval H6 A/T / Deluxe 2025,"1,470,000
EGP","trending_down
-40,000
EGP","1,430,000
EGP",2025-04-16
Haval H6 A/T / Standard 2025,"1,350,000
EGP","trending_down
-40,000
EGP","1,310,000
EGP",2025-04-16
Haval Jolion Pro A/T / High Deluxe 2025,"1,420,000
EGP","trending_down
-30,000
EGP","1,390,000
EGP",2025-04-16
Fiat Tipo manual / Entry‏ Plus‏ 2025,"769,900
EGP","trending_down
-25,000
EGP","744,900
EGP",2025-04-16
Chery EQ7 Automtic 2025,"1,790,000
EGP","trending_down
-90,000
EGP","1,700,000
EGP",2025-04-15
KGM Torres Automtic /adventure plus 4*4 2025,"2,130,000
EGP","trending_up
+60,000
EGP","2,190,000
EGP",2025-04-15
KGM Torres A/T / Luxury 2025,"2,050,000
EGP","trending_up
+40,000
EGP","2,090,000
EGP",2025-04-15
KGM Torres Automtic /advanced 2025,"1,800,000
EGP","trending_down
-1,000
EGP","1,799,000
EGP",2025-04-15
KGM Torres Automtic /comfort 2025,"1,700,000
EGP","trending_down
-25,000
EGP","1,675,000
EGP",2025-04-15
Vgv U70P Plus A/T / Highline 2025,"1,049,900
EGP","trending_up
+20,000
EGP","1,069,900
EGP",2025-04-14
Proton Saga A/T / Imported 2025,"629,900
EGP","trending_up
+20,000
EGP","649,900
EGP",2025-04-13
Subaru XV Crosstrek Automtic 2024,"2,250,000
EGP","trending_up
+200,000
EGP","2,450,000
EGP",2025-04-08
Hyundai Ioniq 5 A/T / EXTREME AWD 2025,"3,580,000
EGP","trending_down
-230,000
EGP","3,350,000
EGP",2025-04-07
Hyundai Ioniq 5 A/T / EXTREME 2025,"3,350,000
EGP","trending_down
-200,000
EGP","3,150,000
EGP",2025-04-07
Hyundai Ioniq 5 A/T /  CONNECT PLUS 2025,"2,850,000
EGP","trending_down
-100,000
EGP","2,750,000
EGP",2025-04-07
Hyundai Ioniq 6 A/T / EXTREME AWD 2025,"3,350,000
EGP","trending_down
-200,000
EGP","3,150,000
EGP",2025-04-07
Hyundai Ioniq 6 A/T / EXTREME RWD 2025,"3,150,000
EGP","trending_down
-200,000
EGP","2,950,000
EGP",2025-04-07
Hyundai Ioniq 6 A/T / CONNECT PLUS 2025,"2,850,000
EGP","trending_down
-150,000
EGP","2,700,000
EGP",2025-04-07
Chevrolet Optra A/T / Lt 2025,"749,900
EGP","trending_up
+20,100
EGP","770,000
EGP",2025-04-06
Chevrolet Optra A/T / Ls 2025,"724,900
EGP","trending_up
+20,100
EGP","745,000
EGP",2025-04-06
Peugeot 408 A/T / GT 2025,"2,399,990
EGP","trending_up
+50,000
EGP","2,449,990
EGP",2025-03-24
Peugeot 2008 A/T / GT 2025,"1,799,990
EGP","trending_down
-150,000
EGP","1,649,990
EGP",2025-03-24
Peugeot 2008 A/T / ALLURE 2025,"1,659,990
EGP","trending_down
-160,000
EGP","1,499,990
EGP",2025-03-24
Vgv U70 Pro A/T / Top Line 2024,"1,099,900
EGP","trending_down
-40,000
EGP","1,059,900
EGP",2025-03-20
Vgv U70P Plus A/T / Highline 2025,"1,114,900
EGP","trending_down
-65,000
EGP","1,049,900
EGP",2025-03-20
MG MG 4 A/T / Luxury 2025,"1,650,000
EGP","trending_down
-250,000
EGP","1,400,000
EGP",2025-03-19
MG MG 4 AT / Standard 2025,"1,350,000
EGP","trending_down
-150,000
EGP","1,200,000
EGP",2025-03-19
Kia Sportage A/T / Top Line 2025,"2,324,900
EGP","trending_down
-175,000
EGP","2,149,900
EGP",2025-03-09
Kia Sportage A/T / Highline 2025,"2,199,900
EGP","trending_down
-175,000
EGP","2,024,900
EGP",2025-03-09
Kia Sportage A/T /  GT-Line 2025,"2,449,900
EGP","trending_down
-175,000
EGP","2,274,900
EGP",2025-03-09
Kia Sportage A/T / EX 2025,"2,069,900
EGP","trending_down
-150,000
EGP","1,919,900
EGP",2025-03-09
Kia Sportage A/T / LX 2025,"1,949,900
EGP","trending_down
-150,000
EGP","1,799,900
EGP",2025-03-09
Kia Xceed A/T / Top Line / Panorama 2025,"1,649,000
EGP","trending_down
-49,100
EGP","1,599,900
EGP",2025-03-09
Kia Xceed A/T / Highline / Panorama 2025,"1,549,000
EGP","trending_down
-50,000
EGP","1,499,000
EGP",2025-03-09
Kia Xceed A/T / Highline 2025,"1,449,000
EGP","trending_down
-50,000
EGP","1,399,000
EGP",2025-03-09
Baic X55 A/T / Premium 2025,"1,514,900
EGP","trending_down
-100,000
EGP","1,414,900
EGP",2025-03-06
Baic X55 A/T / Top Line 2025,"1,389,900
EGP","trending_down
-95,000
EGP","1,294,900
EGP",2025-03-06
Baic X55 A/T / Highline 2025,"1,289,900
EGP","trending_down
-95,000
EGP","1,194,900
EGP",2025-03-06
Baic U5 plus A/T / Top Line 2025,"974,900
EGP","trending_down
-75,000
EGP","899,900
EGP",2025-03-06
Baic U5 plus A/T / Highline 2025,"874,900
EGP","trending_down
-75,000
EGP","799,900
EGP",2025-03-06
Xpeng G9 A/T / Performance 2025,"3,500,000
EGP","trending_up
+200,000
EGP","3,700,000
EGP",2025-03-06
Xpeng G9 A/T /  Long Range + Nappa 2025,"3,100,000
EGP","trending_up
+250,000
EGP","3,350,000
EGP",2025-03-06
Xpeng G9 A/T / Long Range 2025,"3,000,000
EGP","trending_up
+250,000
EGP","3,250,000
EGP",2025-03-06
Xpeng P7 A/T / Long Range + Nappa 2025,"2,450,000
EGP","trending_up
+50,000
EGP","2,500,000
EGP",2025-03-06
Xpeng P7 A/T /  Long Range 2025,"2,300,000
EGP","trending_up
+50,000
EGP","2,350,000
EGP",2025-03-06
Renault Taliant A/T / Techno 2025,"899,000
EGP","trending_down
-100,000
EGP","799,000
EGP",2025-03-05
Renault Taliant A/T / Evolution 2025,"799,000
EGP","trending_down
-100,000
EGP","699,000
EGP",2025-03-05
Fiat 500 X A/T / Cross 2025,"1,090,000
EGP","trending_up
+50,000
EGP","1,140,000
EGP",2025-03-03
Subaru XV Crosstrek Automtic 2024,"2,450,000
EGP","trending_down
-200,000
EGP","2,250,000
EGP",2025-03-02
Hyundai Tucson A/T / N-Line 2025,"2,575,000
EGP","trending_down
-150,000
EGP","2,425,000
EGP",2025-03-02
Hyundai Tucson A/T / BLACK DIAMOND 2025,"2,400,000
EGP","trending_down
-150,000
EGP","2,250,000
EGP",2025-03-02
Hyundai Tucson A/T / NIGHT 2025,"2,230,000
EGP","trending_down
-130,000
EGP","2,100,000
EGP",2025-03-02
Hyundai Tucson A/T / Redine 2025,"2,000,000
EGP","trending_down
-100,000
EGP","1,900,000
EGP",2025-03-02
Hyundai Tucson A/T / Blaze 2025,"1,890,000
EGP","trending_down
-100,000
EGP","1,790,000
EGP",2025-03-02
Chery Tiggo 8 Pro A/T / Flagship 2025,"1,790,000
EGP","trending_down
-100,000
EGP","1,690,000
EGP",2025-03-02
Chery Tiggo 8 Pro A/T / Luxury 2025,"1,690,000
EGP","trending_down
-100,000
EGP","1,590,000
EGP",2025-03-02
Chery Tiggo 7 pro A/T / Luxury 2025,"1,460,000
EGP","trending_down
-110,000
EGP","1,350,000
EGP",2025-03-02
Chery Tiggo 7 pro A/T / Comfort 2025,"1,350,000
EGP","trending_down
-100,000
EGP","1,250,000
EGP",2025-03-02
Citroën C5 Aircross A/T / SHINE 2025,"2,060,000
EGP","trending_down
-240,000
EGP","1,820,000
EGP",2025-02-27
Citroën C5 Aircross A/T / Feel with sunroof 2025,"1,940,000
EGP","trending_down
-240,000
EGP","1,700,000
EGP",2025-02-27
Changan UNI-T A/T / Flagship 2025,"1,600,000
EGP","trending_down
-50,000
EGP","1,550,000
EGP",2025-02-23
Changan UNI-T A/T / Premium 2025,"1,495,000
EGP","trending_down
-45,000
EGP","1,450,000
EGP",2025-02-23
Changan CS55 Plus A/T / Flagship 2025,"1,475,000
EGP","trending_down
-65,000
EGP","1,410,000
EGP",2025-02-23
Changan CS55 Plus A/T / Premium 2025,"1,405,000
EGP","trending_down
-65,000
EGP","1,340,000
EGP",2025-02-23
Changan CS55 Plus A/T / Elite 2025,"1,290,000
EGP","trending_down
-55,000
EGP","1,235,000
EGP",2025-02-23
Changan CS 35 Plus A/T / FLAGSHIP 2025,"1,275,000
EGP","trending_down
-75,000
EGP","1,200,000
EGP",2025-02-23
Changan CS 35 Plus A/T / PREMIUM 2025,"1,180,000
EGP","trending_down
-80,000
EGP","1,100,000
EGP",2025-02-23
Changan CS 35 Plus A/T / ELITE 2025,"1,100,000
EGP","trending_down
-101,000
EGP","999,000
EGP",2025-02-23
Toyota Corolla A/T / Elegance 2025,"1,750,000
EGP","trending_down
-100,000
EGP","1,650,000
EGP",2025-02-12
Toyota Corolla Automatic /  SMART /  Sun Roof 2025,"1,700,000
EGP","trending_down
-100,000
EGP","1,600,000
EGP",2025-02-12
Toyota Corolla Automtic / SMART 2025,"1,600,000
EGP","trending_down
-100,000
EGP","1,500,000
EGP",2025-02-12
Toyota Corolla Automatic / Comfort 2025,"1,490,000
EGP","trending_down
-90,000
EGP","1,400,000
EGP",2025-02-12
Toyota Corolla Automatic / Active 2025,"1,400,000
EGP","trending_down
-100,000
EGP","1,300,000
EGP",2025-02-12
Bestune B70 A/T / Premium 2024,"1,445,000
EGP","trending_down
-50,000
EGP","1,395,000
EGP",2025-02-06
Bestune B70 A/T / Deluxe 2024,"1,395,000
EGP","trending_down
-20,000
EGP","1,375,000
EGP",2025-02-06
Bestune B70S A/T / Limousine 2025,"1,495,000
EGP","trending_down
-120,000
EGP","1,375,000
EGP",2025-02-06
Bestune B70S A/T / Premium 2025,"1,455,000
EGP","trending_down
-100,000
EGP","1,355,000
EGP",2025-02-06
Bestune T77 Pro A/T / Premium 2025,"1,435,000
EGP","trending_down
-50,000
EGP","1,385,000
EGP",2025-02-06
Seat Ateca A/T / FR 2025,"1,999,000
EGP","trending_up
+26,000
EGP","2,025,000
EGP",2025-02-02
Seat Ateca A/T / Style Plus 2025,"1,799,000
EGP","trending_up
+26,000
EGP","1,825,000
EGP",2025-02-02
Seat Leon A/T / Advance 2025,"1,599,000
EGP","trending_up
+26,000
EGP","1,625,000
EGP",2025-02-02
Seat Arona A/T / Experience 2025,"1,349,000
EGP","trending_up
+21,000
EGP","1,370,000
EGP",2025-02-02
Seat Ibiza A/T / Black Series 2025,"1,349,000
EGP","trending_up
+21,000
EGP","1,370,000
EGP",2025-02-02
Seat Ibiza A/T / FR 2025,"1,299,000
EGP","trending_up
+21,000
EGP","1,320,000
EGP",2025-02-02
Skoda Kodiaq A/T / Sportline 2025,"3,400,000
EGP","trending_up
+100,000
EGP","3,500,000
EGP",2025-02-02
Skoda Kodiaq A/T / Suite 2025,"3,200,000
EGP","trending_up
+100,000
EGP","3,300,000
EGP",2025-02-02
Skoda Kodiaq A/T / Lounge 2025,"2,950,000
EGP","trending_up
+50,000
EGP","3,000,000
EGP",2025-02-02
Fiat Tipo manual / Entry‏ 2025,"769,900
EGP","trending_up
+10,100
EGP","780,000
EGP",2025-01-19
Jetour T2 Automtic 2025,"1,880,000
EGP","trending_up
+15,000
EGP","1,895,000
EGP",2025-01-15
Skoda Kodiaq A/T / Sportline 2025,"3,250,000
EGP","trending_up
+150,000
EGP","3,400,000
EGP",2025-01-15
Skoda Kodiaq A/T / Suite 2025,"3,050,000
EGP","trending_up
+150,000
EGP","3,200,000
EGP",2025-01-15
Skoda Kodiaq A/T / Lounge 2025,"2,850,000
EGP","trending_up
+100,000
EGP","2,950,000
EGP",2025-01-15
Skoda Kodiaq A/T / Loft 2025,"2,650,000
EGP","trending_up
+50,000
EGP","2,700,000
EGP",2025-01-15
Kia Sportage A/T /  GT-Line 2025,"2,389,900
EGP","trending_up
+60,000
EGP","2,449,900
EGP",2025-01-09
Kia Sportage A/T / Top Line 2025,"2,259,900
EGP","trending_up
+65,000
EGP","2,324,900
EGP",2025-01-09
Kia Sportage A/T / Highline 2025,"2,149,900
EGP","trending_up
+50,000
EGP","2,199,900
EGP",2025-01-09
Kia Sportage A/T / EX 2025,"2,019,900
EGP","trending_up
+50,000
EGP","2,069,900
EGP",2025-01-09
Kia Sportage A/T / LX 2025,"1,889,900
EGP","trending_up
+60,000
EGP","1,949,900
EGP",2025-01-09
MG 7 Automtic /luxury 2025,"1,600,000
EGP","trending_up
+64,990
EGP","1,664,990
EGP",2025-01-06
MG ZS A/T / Luxury 2025,"1,080,000
EGP","trending_up
+20,000
EGP","1,100,000
EGP",2025-01-06
MG ZS Automatic / Comfort / ACC 2025,"1,050,000
EGP","trending_up
+25,000
EGP","1,075,000
EGP",2025-01-06
MG ZS Automatic / Comfort 2025,"1,030,000
EGP","trending_up
+20,000
EGP","1,050,000
EGP",2025-01-06
MG RX5 Plus A/T / Luxury 2025,"1,540,000
EGP","trending_up
+10,000
EGP","1,550,000
EGP",2025-01-06
MG RX5 Plus A/T / Comfort 2025,"1,490,000
EGP","trending_up
+10,000
EGP","1,500,000
EGP",2025-01-06
MG 6 A/T / LUX / Red Interior 2025,"1,270,000
EGP","trending_up
+30,000
EGP","1,300,000
EGP",2025-01-06
MG 6 A/T / LUX / Black interior 2025,"1,250,000
EGP","trending_up
+30,000
EGP","1,280,000
EGP",2025-01-06
Byd F3 Automtic 2025,"710,000
EGP","trending_up
+20,000
EGP","730,000
EGP",2025-01-05
Byd F3 Manual 2025,"630,000
EGP","trending_up
+20,000
EGP","650,000
EGP",2025-01-05
Audi Q7 A/T / S Line 2025,"1
EGP","trending_up
+5,499,999
EGP","5,500,000
EGP",2025-01-05
Haval Jolion A/T / High Deluxe 2025,"1,430,000
EGP","trending_down
-60,000
EGP","1,370,000
EGP",2025-01-02
Haval Jolion A/T / Deluxe SR 2025,"1,360,000
EGP","trending_down
-40,000
EGP","1,320,000
EGP",2025-01-02
Haval Jolion A/T / Deluxe 2025,"1,280,000
EGP","trending_down
-40,000
EGP","1,240,000
EGP",2025-01-02
Haval Jolion A/T / Standard 2025,"1,200,000
EGP","trending_down
-50,000
EGP","1,150,000
EGP",2025-01-02
Haval H6 A/T / Top Line 2025,"1,680,000
EGP","trending_down
-60,000
EGP","1,620,000
EGP",2025-01-02
Haval H6 A/T / Deluxe SR 2025,"1,550,000
EGP","trending_down
-50,000
EGP","1,500,000
EGP",2025-01-02
Haval H6 A/T / Deluxe 2025,"1,520,000
EGP","trending_down
-50,000
EGP","1,470,000
EGP",2025-01-02
Haval H6 A/T / Standard 2025,"1,400,000
EGP","trending_down
-50,000
EGP","1,350,000
EGP",2025-01-02
Haval Jolion Pro A/T / High Deluxe 2025,"1,480,000
EGP","trending_down
-60,000
EGP","1,420,000
EGP",2025-01-02
Chery Tiggo 8 A/T / Luxury 7 Seats 2025,"1,280,000
EGP","trending_up
+25,000
EGP","1,305,000
EGP",2025-01-02
Chery Tiggo 8 A/T / Comfort 7 Seats 2025,"1,155,000
EGP","trending_up
+25,000
EGP","1,180,000
EGP",2025-01-02
Chery Tiggo 8 A/T / Luxury 2025,"1,225,000
EGP","trending_up
+25,000
EGP","1,250,000
EGP",2025-01-02
Chery Tiggo 7 A/T / Highline 2025,"1,085,000
EGP","trending_up
+10,000
EGP","1,095,000
EGP",2025-01-02
Chery Tiggo 7 A/T /  Baseline 2025,"999,000
EGP","trending_up
+11,000
EGP","1,010,000
EGP",2025-01-02
Chery Tiggo 4 Pro A/T / Highline / Turbo 2025,"1,045,000
EGP","trending_up
+25,000
EGP","1,070,000
EGP",2025-01-02
Chery Tiggo 4 Pro A/T / Luxury 2025,"970,000
EGP","trending_up
+25,000
EGP","995,000
EGP",2025-01-02
Chery Tiggo 4 Pro A/T / Comfort 2025,"895,000
EGP","trending_up
+15,000
EGP","910,000
EGP",2025-01-02
Chery Arrizo 5 AT / HIGHLINE 2025,"735,000
EGP","trending_up
+10,000
EGP","745,000
EGP",2025-01-02
Chery Arrizo 5 AT / BASELINE Leather 2025,"710,000
EGP","trending_up
+5,000
EGP","715,000
EGP",2025-01-02
Chery Arrizo 5 Manual / Base Line  / Leather 2025,"660,000
EGP","trending_up
+5,000
EGP","665,000
EGP",2025-01-02
Hyundai Tucson A/T / N-Line 2025,"2,525,000
EGP","trending_up
+50,000
EGP","2,575,000
EGP",2025-01-02
Hyundai Tucson A/T / BLACK DIAMOND 2025,"2,370,000
EGP","trending_up
+30,000
EGP","2,400,000
EGP",2025-01-02
Hyundai Tucson A/T / NIGHT 2025,"2,200,000
EGP","trending_up
+30,000
EGP","2,230,000
EGP",2025-01-02
Hyundai Tucson A/T / Redine 2025,"1,990,000
EGP","trending_up
+10,000
EGP","2,000,000
EGP",2025-01-02
Hyundai Elantra AD A/T / Top Line 2025,"1,155,000
EGP","trending_up
+20,000
EGP","1,175,000
EGP",2025-01-02
Hyundai Elantra AD A/T / Modern 2025,"1,050,000
EGP","trending_up
+20,000
EGP","1,070,000
EGP",2025-01-02
Hyundai Elantra AD A/T / Smart 2025,"970,000
EGP","trending_up
+20,000
EGP","990,000
EGP",2025-01-02
Hyundai Accent RB A/T / Highline 2025,"910,000
EGP","trending_up
+15,000
EGP","925,000
EGP",2025-01-02
Hyundai Accent RB A/T / DAB ABS PLUS 2025,"875,000
EGP","trending_up
+15,000
EGP","890,000
EGP",2025-01-02
Hyundai Accent RB A/T / DAB ABS 2025,"855,000
EGP","trending_up
+15,000
EGP","870,000
EGP",2025-01-02
Hyundai Accent RB A/T / SR 2025,"810,000
EGP","trending_up
+15,000
EGP","825,000
EGP",2025-01-02
Hyundai Accent RB A/T / GL 2025,"780,000
EGP","trending_up
+15,000
EGP","795,000
EGP",2025-01-02
Honda ZRV Automtic 2024,"2,250,000
EGP","trending_up
+293,440
EGP","2,543,440
EGP",2024-12-30
Mini Country man A/T / JCW ALL 4 2025,"3,520,000
EGP","trending_up
+230,000
EGP","3,750,000
EGP",2024-12-26
Mini Country man A/T / JCW ALL 4 2025,"2,600,000
EGP","trending_up
+190,000
EGP","2,790,000
EGP",2024-12-26
Mini Country man A/T / C 2025,"2,330,000
EGP","trending_up
+150,000
EGP","2,480,000
EGP",2024-12-26
Mini Cooper A/T  / C 2025,"2,100,000
EGP","trending_up
+175,000
EGP","2,275,000
EGP",2024-12-26
Mini Cooper A/T / S - JWC 2025,"2,800,000
EGP","trending_up
+150,000
EGP","2,950,000
EGP",2024-12-26
Mini Cooper A/T / C- JCW 2025,"2,300,000
EGP","trending_up
+150,000
EGP","2,450,000
EGP",2024-12-26
Mini Cooper A/T / C - Classic 2025,"2,100,000
EGP","trending_up
+150,000
EGP","2,250,000
EGP",2024-12-26
BMW IX2 Automtic 2025,"3,650,000
EGP","trending_up
+200,000
EGP","3,850,000
EGP",2024-12-26
BMW IX A/T / XDrive 50 2025,"7,350,000
EGP","trending_up
+200,000
EGP","7,550,000
EGP",2024-12-26
BMW IX1 A/T / Elc 2025,"3,450,000
EGP","trending_up
+200,000
EGP","3,650,000
EGP",2024-12-26
BMW 7 Series A/T /  i7 XDrive60 2025,"10,560,000
EGP","trending_up
+440,000
EGP","11,000,000
EGP",2024-12-26
BMW X6 A/T / M60i xDrive 2025,"9,000,000
EGP","trending_up
+250,000
EGP","9,250,000
EGP",2024-12-26
BMW X2 A/T / M 35I 2025,"4,700,000
EGP","trending_up
+250,000
EGP","4,950,000
EGP",2024-12-26
BMW X6 A/T / X6 xDrive40i 2025,"7,300,000
EGP","trending_up
+400,000
EGP","7,700,000
EGP",2024-12-26
BMW X2 A/T / sDrive18i M Sport 2025,"3,650,000
EGP","trending_down
-200,000
EGP","3,450,000
EGP",2024-12-26
BMW X1 A/T / M Sport 2025,"3,165,000
EGP","trending_up
+185,000
EGP","3,350,000
EGP",2024-12-26
BMW X1 A/T / X Line 2025,"2,800,000
EGP","trending_up
+150,000
EGP","2,950,000
EGP",2024-12-26
BMW 7 Series A/T / 760i xDrive 2025,"12,750,000
EGP","trending_up
+650,000
EGP","13,400,000
EGP",2024-12-26
BMW 7 Series A/T / 740i 2025,"10,250,000
EGP","trending_up
+950,000
EGP","11,200,000
EGP",2024-12-26
BMW 420 A/T / M SPORT 2025,"4,600,000
EGP","trending_up
+50,000
EGP","4,650,000
EGP",2024-12-26
Vgv U70Pro Plus A/T / Flagship 2025,"1,239,900
EGP","trending_up
+20,000
EGP","1,259,900
EGP",2024-12-16
Vgv U70Pro Plus A/T / Top Line 2025,"1,169,900
EGP","trending_up
+20,090
EGP","1,189,990
EGP",2024-12-16
Vgv U70P Plus A/T / Highline 2025,"1,099,900
EGP","trending_up
+15,000
EGP","1,114,900
EGP",2024-12-16
Subaru Forester Automtic 2024,"2,599,000
EGP","trending_up
+176,000
EGP","2,775,000
EGP",2024-12-16
Subaru XV Crosstrek Automtic 2024,"2,350,000
EGP","trending_up
+100,000
EGP","2,450,000
EGP",2024-12-16
Toyota Land Cruiser A/T / Prado - VX Petrol 2025,"8,700,000
EGP","trending_up
+2,000,000
EGP","10,700,000
EGP",2024-12-15
Cupra Leon Automatic 2025,"1
EGP","trending_up
+1,898,999
EGP","1,899,000
EGP",2024-12-11
Byd F3 Manual 2025,"620,000
EGP","trending_up
+10,000
EGP","630,000
EGP",2024-12-04
Byd F3 Automtic 2025,"700,000
EGP","trending_up
+10,000
EGP","710,000
EGP",2024-12-04
Nissan Juke A/T / Tekna Perso 2025,"1,165,000
EGP","trending_up
+20,000
EGP","1,185,000
EGP",2024-12-03
Nissan Juke A/T / Tekna 2025,"1,115,000
EGP","trending_up
+20,000
EGP","1,135,000
EGP",2024-12-03
Nissan Juke A/T / Accenta 2025,"1,015,000
EGP","trending_up
+20,000
EGP","1,035,000
EGP",2024-12-03
Nissan Qashqai AT / TEKNA  2T 2025,"1,482,500
EGP","trending_up
+67,500
EGP","1,550,000
EGP",2024-12-03
Nissan Qashqai AT / TEKNA 2025,"1,477,500
EGP","trending_up
+52,500
EGP","1,530,000
EGP",2024-12-03
Nissan Qashqai AT / ACCENTA  2T 2025,"1,411,500
EGP","trending_up
+58,500
EGP","1,470,000
EGP",2024-12-03
Nissan Qashqai AT / ACCENTA 2025,"1,406,500
EGP","trending_up
+43,500
EGP","1,450,000
EGP",2024-12-03
Nissan Sunny Automatic / Baseline 2025,"735,000
EGP","trending_down
-40,000
EGP","695,000
EGP",2024-12-03
Fiat Tipo manual / Entry‏ 2025,"749,900
EGP","trending_up
+20,000
EGP","769,900
EGP",2024-12-01
Chery Tiggo 7 A/T / Highline 2025,"1,075,000
EGP","trending_up
+10,000
EGP","1,085,000
EGP",2024-12-01
Chery Tiggo 7 A/T /  Baseline 2025,"990,000
EGP","trending_up
+9,000
EGP","999,000
EGP",2024-12-01
Chery Tiggo 4 Pro A/T / Highline / Turbo 2025,"1,030,000
EGP","trending_up
+15,000
EGP","1,045,000
EGP",2024-12-01
Chery Tiggo 4 Pro A/T / Luxury 2025,"955,000
EGP","trending_up
+15,000
EGP","970,000
EGP",2024-12-01
Chery Tiggo 4 Pro A/T / Comfort 2025,"880,000
EGP","trending_up
+15,000
EGP","895,000
EGP",2024-12-01
Chery Arrizo 5 AT / HIGHLINE 2025,"725,000
EGP","trending_up
+10,000
EGP","735,000
EGP",2024-12-01
Chery Arrizo 5 AT / BASELINE Leather 2025,"700,000
EGP","trending_up
+10,000
EGP","710,000
EGP",2024-12-01
Chery Arrizo 5 Manual / Base Line  / Leather 2025,"655,000
EGP","trending_up
+5,000
EGP","660,000
EGP",2024-12-01
MG 7 Automtic /luxury 2025,"1
EGP","trending_up
+1,599,999
EGP","1,600,000
EGP",2024-11-30
Hyundai Santa Fe A/T / 4w 2025,"3,770,000
EGP","trending_up
+130,000
EGP","3,900,000
EGP",2024-11-28
Hyundai Santa Fe Automtic 2025,"3,220,000
EGP","trending_up
+130,000
EGP","3,350,000
EGP",2024-11-28
Hyundai Accent RB A/T / Highline 2025,"890,000
EGP","trending_up
+20,000
EGP","910,000
EGP",2024-11-28
Hyundai Accent RB A/T / DAB ABS PLUS 2025,"855,000
EGP","trending_up
+20,000
EGP","875,000
EGP",2024-11-28
Hyundai Accent RB A/T / DAB ABS 2025,"835,000
EGP","trending_up
+20,000
EGP","855,000
EGP",2024-11-28
Hyundai Accent RB A/T / SR 2025,"795,000
EGP","trending_up
+15,000
EGP","810,000
EGP",2024-11-28
Hyundai Accent RB A/T / GL 2025,"765,000
EGP","trending_up
+15,000
EGP","780,000
EGP",2024-11-28
Hyundai Elantra AD A/T / Top Line 2025,"1,135,000
EGP","trending_up
+20,000
EGP","1,155,000
EGP",2024-11-28
Hyundai Elantra AD A/T / Modern 2025,"1,030,000
EGP","trending_up
+20,000
EGP","1,050,000
EGP",2024-11-28
Baic X7 A/T / Premium 2025,"1,694,900
EGP","trending_up
+30,000
EGP","1,724,900
EGP",2024-11-28
Baic X7 A/T / Top Line 2025,"1,619,900
EGP","trending_up
+30,000
EGP","1,649,900
EGP",2024-11-28
Baic X7 A/T / Highline 2025,"1,544,900
EGP","trending_up
+30,000
EGP","1,574,900
EGP",2024-11-28
Baic X55 A/T / Premium 2025,"1,484,900
EGP","trending_up
+30,000
EGP","1,514,900
EGP",2024-11-28
Baic X55 A/T / Top Line 2025,"1,359,900
EGP","trending_up
+30,000
EGP","1,389,900
EGP",2024-11-28
Baic X55 A/T / Highline 2025,"1,259,900
EGP","trending_up
+30,000
EGP","1,289,900
EGP",2024-11-28
Baic U5 plus A/T / Top Line 2025,"924,900
EGP","trending_up
+50,000
EGP","974,900
EGP",2024-11-28
Baic U5 plus A/T / Highline 2025,"824,900
EGP","trending_up
+50,000
EGP","874,900
EGP",2024-11-28
Vgv U70Pro Plus A/T / Flagship 2025,"1,224,900
EGP","trending_up
+15,000
EGP","1,239,900
EGP",2024-11-19
Vgv U70Pro Plus A/T / Top Line 2025,"1,154,900
EGP","trending_up
+15,000
EGP","1,169,900
EGP",2024-11-19
Vgv U70P Plus A/T / Highline 2025,"1,084,900
EGP","trending_up
+15,000
EGP","1,099,900
EGP",2024-11-19
Fiat Tipo manual / Entry‏ 2025,"724,900
EGP","trending_up
+25,000
EGP","749,900
EGP",2024-11-10
Bestune B70 A/T / Premium 2024,"1,275,000
EGP","trending_up
+170,000
EGP","1,445,000
EGP",2024-11-07
Bestune B70 A/T / Deluxe 2024,"1,210,000
EGP","trending_up
+185,000
EGP","1,395,000
EGP",2024-11-07
Byd F3 Automtic 2025,"690,000
EGP","trending_up
+10,000
EGP","700,000
EGP",2024-11-03
Byd F3 Manual 2025,"610,000
EGP","trending_up
+10,000
EGP","620,000
EGP",2024-11-03
Kia Grand Cerato A/T / Highline 2024,"1,449,900
EGP","trending_up
+50,000
EGP","1,499,900
EGP",2024-10-25
Kia Grand Cerato A/T / EX Cam 2024,"1,379,900
EGP","trending_up
+50,000
EGP","1,429,900
EGP",2024-10-25
Kia Grand Cerato A/T / LX FO 2024,"1,249,900
EGP","trending_up
+50,000
EGP","1,299,900
EGP",2024-10-25
Kia Xceed A/T / Top Line / Panorama 2025,"1,599,000
EGP","trending_up
+50,000
EGP","1,649,000
EGP",2024-10-25
Kia Xceed A/T / Highline / Panorama 2025,"1,499,000
EGP","trending_up
+50,000
EGP","1,549,000
EGP",2024-10-25
Kia Xceed A/T / Highline 2025,"1,399,000
EGP","trending_up
+50,000
EGP","1,449,000
EGP",2024-10-25
Volvo XC 40 A/T / Ultra Dark 2024,"3,385,000
EGP","trending_down
-386,000
EGP","2,999,000
EGP",2024-10-22
Mitsubishi Outlander Sport Automtic / PREMIUM LINE 2025,"1,500,000
EGP","trending_up
+50,000
EGP","1,550,000
EGP",2024-10-13
Mitsubishi Outlander Sport Automtic / HIGH LINE 2025,"1,375,000
EGP","trending_up
+50,000
EGP","1,425,000
EGP",2024-10-13
Mitsubishi Outlander Sport A/T / Midline 2025,"1
EGP","trending_up
+1,374,999
EGP","1,375,000
EGP",2024-10-13
Geely Starray A/T / Sport +( AUTO MOBILITY) 2025,"1,979,000
EGP","trending_up
+50,000
EGP","2,029,000
EGP",2024-10-07
Geely Starray A/T / Sport ( AUTO MOBILITY) 2025,"1,899,000
EGP","trending_up
+50,000
EGP","1,949,000
EGP",2024-10-07
Geely Starray A/T / Premium ( AUTO MOBILITY) 2025,"1,799,000
EGP","trending_up
+50,000
EGP","1,849,000
EGP",2024-10-07
Geely Starray A/T / Comfort ( AUTO MOBILITY) 2025,"1,699,000
EGP","trending_up
+50,000
EGP","1,749,000
EGP",2024-10-07
Geely GX3 Pro A/T / Premium (AUTO MOBILITY) 2025,"890,000
EGP","trending_up
+35,000
EGP","925,000
EGP",2024-10-07
Hyundai Accent RB A/T / Highline 2025,"880,000
EGP","trending_up
+10,000
EGP","890,000
EGP",2024-10-01
Hyundai Accent RB A/T / DAB ABS PLUS 2025,"845,000
EGP","trending_up
+10,000
EGP","855,000
EGP",2024-10-01
Hyundai Accent RB A/T / DAB ABS 2025,"825,000
EGP","trending_up
+10,000
EGP","835,000
EGP",2024-10-01
Hyundai Accent RB A/T / SR 2025,"785,000
EGP","trending_up
+10,000
EGP","795,000
EGP",2024-10-01
Hyundai Accent RB A/T / GL 2025,"755,000
EGP","trending_up
+10,000
EGP","765,000
EGP",2024-10-01
Hyundai Elantra AD A/T / Top Line 2025,"1,120,000
EGP","trending_up
+15,000
EGP","1,135,000
EGP",2024-10-01
Hyundai Elantra AD A/T / Modern 2025,"1,015,000
EGP","trending_up
+15,000
EGP","1,030,000
EGP",2024-10-01
Hyundai Elantra AD A/T / Smart 2025,"950,000
EGP","trending_up
+20,000
EGP","970,000
EGP",2024-10-01
Chery Tiggo 7 A/T / Highline 2025,"1,060,000
EGP","trending_up
+15,000
EGP","1,075,000
EGP",2024-10-01
Chery Tiggo 7 A/T /  Baseline 2025,"980,000
EGP","trending_up
+10,000
EGP","990,000
EGP",2024-10-01
Geely Starray A/T / Sport + (Abou Ghaly) 2025,"1,929,000
EGP","trending_up
+120,000
EGP","2,049,000
EGP",2024-10-01
Geely Starray A/T / Sport (Abou Ghaly) 2025,"1,849,000
EGP","trending_up
+110,000
EGP","1,959,000
EGP",2024-10-01
Geely Starray A/T / Premium (Abou Ghaly) 2025,"1,749,000
EGP","trending_up
+146,000
EGP","1,895,000
EGP",2024-10-01
Geely Starray A/T / Comfort / (Abou Ghaly) 2025,"1,649,000
EGP","trending_up
+110,000
EGP","1,759,000
EGP",2024-10-01
Geely Okavango A/T /Premium / (Abou Ghaly) 2024,"1,669,900
EGP","trending_up
+100,000
EGP","1,769,900
EGP",2024-10-01
Volvo XC 40 A/T / Ultra Dark 2024,"2,990,000
EGP","trending_up
+395,000
EGP","3,385,000
EGP",2024-09-29
Volvo XC 40 A/T /  Black Edition 2024,"2,690,000
EGP","trending_up
+309,000
EGP","2,999,000
EGP",2024-09-29
Volvo XC60 A/T / Ultimate Dark 2024,"4,100,000
EGP","trending_up
+100,000
EGP","4,200,000
EGP",2024-09-29
Byd F3 Automtic 2025,"670,000
EGP","trending_up
+20,000
EGP","690,000
EGP",2024-09-16
Byd F3 Manual 2025,"590,000
EGP","trending_up
+20,000
EGP","610,000
EGP",2024-09-16
Geely Starray A/T / Comfort ( AUTO MOBILITY) 2025,"1,669,000
EGP","trending_up
+30,000
EGP","1,699,000
EGP",2024-09-05
Geely Starray A/T / Sport +( AUTO MOBILITY) 2025,"1,929,000
EGP","trending_up
+50,000
EGP","1,979,000
EGP",2024-09-05
Geely Starray A/T / Sport ( AUTO MOBILITY) 2025,"1,849,000
EGP","trending_up
+50,000
EGP","1,899,000
EGP",2024-09-05
Geely Starray A/T / Premium ( AUTO MOBILITY) 2025,"1,749,000
EGP","trending_up
+50,000
EGP","1,799,000
EGP",2024-09-05
Geely Starray A/T / Comfort ( AUTO MOBILITY) 2025,"1,649,000
EGP","trending_up
+20,000
EGP","1,669,000
EGP",2024-09-05
Geely GX3 Pro A/T / Premium (AUTO MOBILITY) 2025,"780,000
EGP","trending_up
+110,000
EGP","890,000
EGP",2024-09-05
Cupra Formentor Automtic 2024,"2,500,000
EGP","trending_up
+50,000
EGP","2,550,000
EGP",2024-09-02
Seat Tarraco A/T / FR 2024,"2,450,000
EGP","trending_up
+50,000
EGP","2,500,000
EGP",2024-09-02
Seat Tarraco A/T / Experience 2024,"2,300,000
EGP","trending_up
+50,000
EGP","2,350,000
EGP",2024-09-02
Vgv U70 Pro A/T / Top Line 2024,"1,079,900
EGP","trending_up
+20,000
EGP","1,099,900
EGP",2024-09-02
Chery Tiggo 3 Automtic / Tinted Glass 2024,"780,000
EGP","trending_up
+50,000
EGP","830,000
EGP",2024-09-01
Chery Tiggo 4 Pro A/T / Highline / Turbo 2025,"1,015,000
EGP","trending_up
+15,000
EGP","1,030,000
EGP",2024-09-01
Chery Tiggo 4 Pro A/T / Luxury 2025,"940,000
EGP","trending_up
+15,000
EGP","955,000
EGP",2024-09-01
Chery Tiggo 4 Pro A/T / Comfort 2025,"865,000
EGP","trending_up
+15,000
EGP","880,000
EGP",2024-09-01
Chery Arrizo 5 AT / HIGHLINE 2025,"715,000
EGP","trending_up
+10,000
EGP","725,000
EGP",2024-09-01
Chery Arrizo 5 AT / BASELINE Leather 2025,"690,000
EGP","trending_up
+10,000
EGP","700,000
EGP",2024-09-01
Chery Arrizo 5 Manual / Base Line  / Leather 2025,"645,000
EGP","trending_up
+10,000
EGP","655,000
EGP",2024-09-01
Byd F3 Automtic 2025,"650,000
EGP","trending_up
+20,000
EGP","670,000
EGP",2024-09-01
Byd F3 Manual 2025,"570,000
EGP","trending_up
+20,000
EGP","590,000
EGP",2024-09-01
Hyundai Elantra AD A/T / Top Line 2025,"1,095,000
EGP","trending_up
+25,000
EGP","1,120,000
EGP",2024-08-29
Hyundai Elantra AD A/T / Modern 2025,"995,000
EGP","trending_up
+20,000
EGP","1,015,000
EGP",2024-08-29
Hyundai Elantra AD A/T / Smart 2025,"935,000
EGP","trending_up
+15,000
EGP","950,000
EGP",2024-08-29
Hyundai Accent RB A/T / Highline 2025,"860,000
EGP","trending_up
+20,000
EGP","880,000
EGP",2024-08-29
Hyundai Accent RB A/T / DAB ABS PLUS 2025,"825,000
EGP","trending_up
+20,000
EGP","845,000
EGP",2024-08-29
Hyundai Accent RB A/T / DAB ABS 2025,"805,000
EGP","trending_up
+20,000
EGP","825,000
EGP",2024-08-29
Hyundai Accent RB A/T / SR 2025,"770,000
EGP","trending_up
+15,000
EGP","785,000
EGP",2024-08-29
Hyundai Accent RB A/T / GL 2025,"740,000
EGP","trending_up
+15,000
EGP","755,000
EGP",2024-08-29
Chery EQ7 Automtic 2025,"0
EGP","trending_up
+1,790,000
EGP","1,790,000
EGP",2024-08-26
Baic X7 A/T / Premium 2025,"1,674,900
EGP","trending_up
+20,000
EGP","1,694,900
EGP",2024-08-25
Baic X7 A/T / Top Line 2025,"1,599,900
EGP","trending_up
+20,000
EGP","1,619,900
EGP",2024-08-25
Baic X7 A/T / Highline 2025,"1,524,900
EGP","trending_up
+20,000
EGP","1,544,900
EGP",2024-08-25
Baic X55 A/T / Premium 2025,"1,474,900
EGP","trending_up
+10,000
EGP","1,484,900
EGP",2024-08-25
Baic X55 A/T / Top Line 2025,"1,349,900
EGP","trending_up
+10,000
EGP","1,359,900
EGP",2024-08-25
Baic X55 A/T / Highline 2025,"1,249,900
EGP","trending_up
+10,000
EGP","1,259,900
EGP",2024-08-25
Baic U5 plus A/T / Top Line 2025,"899,900
EGP","trending_up
+25,000
EGP","924,900
EGP",2024-08-25
Baic U5 plus A/T / Highline 2025,"799,900
EGP","trending_up
+25,000
EGP","824,900
EGP",2024-08-25
MG One A/T / Luxury 2025,"1,420,000
EGP","trending_up
+60,000
EGP","1,480,000
EGP",2024-08-21
MG One A/T / Standard 2025,"1,320,000
EGP","trending_up
+60,000
EGP","1,380,000
EGP",2024-08-21
MG ZS A/T / Luxury 2025,"1,050,000
EGP","trending_up
+30,000
EGP","1,080,000
EGP",2024-08-21
MG ZS Automatic / Comfort / ACC 2025,"1,025,000
EGP","trending_up
+25,000
EGP","1,050,000
EGP",2024-08-21
MG ZS Automatic / Comfort 2025,"1,000,000
EGP","trending_up
+30,000
EGP","1,030,000
EGP",2024-08-21
MG 6 A/T / LUX / Red Interior 2025,"1,260,000
EGP","trending_up
+10,000
EGP","1,270,000
EGP",2024-08-21
MG 5 A/T / Luxury 2025,"950,000
EGP","trending_up
+50,000
EGP","1,000,000
EGP",2024-08-21
MG 5 A/T / Standard 2025,"860,000
EGP","trending_up
+40,000
EGP","900,000
EGP",2024-08-21
Toyota Fortuner A/T / Sport 2025,"3,750,000
EGP","trending_up
+150,000
EGP","3,900,000
EGP",2024-08-19
Toyota Fortuner Automtic / ELEGANCE 2025,"3,550,000
EGP","trending_up
+150,000
EGP","3,700,000
EGP",2024-08-19
Toyota Fortuner A/T / SMART 2025,"3,250,000
EGP","trending_up
+150,000
EGP","3,400,000
EGP",2024-08-19
Nissan Sentra A/T / Premium 2025,"1,049,000
EGP","trending_up
+50,000
EGP","1,099,000
EGP",2024-08-18
Nissan Sentra A/T / Highline 2025,"949,000
EGP","trending_up
+50,000
EGP","999,000
EGP",2024-08-18
Nissan Sunny A/T / Super Saloon 2025,"761,000
EGP","trending_up
+34,000
EGP","795,000
EGP",2024-08-18
Nissan Sunny A/T / plus 2025,"747,000
EGP","trending_up
+18,000
EGP","765,000
EGP",2024-08-18
Nissan Sunny Automatic / Baseline 2025,"726,500
EGP","trending_up
+8,500
EGP","735,000
EGP",2024-08-18
Volvo XC60 A/T / Essential 2024,"4,100,000
EGP","trending_down
-400,000
EGP","3,700,000
EGP",2024-08-15
Volvo XC 40 A/T / Ultra Dark 2024,"3,385,000
EGP","trending_down
-395,000
EGP","2,990,000
EGP",2024-08-15
Volvo XC 40 A/T /  Black Edition 2024,"2,999,000
EGP","trending_down
-309,000
EGP","2,690,000
EGP",2024-08-15
Byd F3 Automtic 2025,"640,000
EGP","trending_up
+10,000
EGP","650,000
EGP",2024-08-14
Byd F3 Manual 2025,"560,000
EGP","trending_up
+10,000
EGP","570,000
EGP",2024-08-14
Cupra Formentor Automtic 2024,"2,420,000
EGP","trending_up
+80,000
EGP","2,500,000
EGP",2024-08-12
Seat Tarraco A/T / FR 2024,"2,370,000
EGP","trending_up
+80,000
EGP","2,450,000
EGP",2024-08-12
Seat Tarraco A/T / Experience 2024,"2,220,000
EGP","trending_up
+80,000
EGP","2,300,000
EGP",2024-08-12
MG HS A/T / Luxury 2025,"1,570,000
EGP","trending_up
+30,000
EGP","1,600,000
EGP",2024-08-11
MG One A/T / Luxury 2025,"1,370,000
EGP","trending_up
+50,000
EGP","1,420,000
EGP",2024-08-11
MG One A/T / Standard 2025,"1,280,000
EGP","trending_up
+70,000
EGP","1,350,000
EGP",2024-08-11
MG ZS A/T / Luxury 2025,"1,020,000
EGP","trending_up
+30,000
EGP","1,050,000
EGP",2024-08-11
MG ZS Automatic / Comfort / ACC 2025,"1,000,000
EGP","trending_up
+25,000
EGP","1,025,000
EGP",2024-08-11
MG ZS Automatic / Comfort 2025,"975,000
EGP","trending_up
+25,000
EGP","1,000,000
EGP",2024-08-11
MG RX5 Plus A/T / Luxury 2025,"1,500,000
EGP","trending_up
+40,000
EGP","1,540,000
EGP",2024-08-11
MG RX5 Plus A/T / Comfort 2025,"1,450,000
EGP","trending_up
+40,000
EGP","1,490,000
EGP",2024-08-11
MG 6 A/T / LUX / Red Interior 2025,"1,250,000
EGP","trending_up
+10,000
EGP","1,260,000
EGP",2024-08-11
MG 6 A/T / LUX / Black interior 2025,"1,220,000
EGP","trending_up
+30,000
EGP","1,250,000
EGP",2024-08-11
MG 5 A/T / Luxury 2025,"900,000
EGP","trending_up
+50,000
EGP","950,000
EGP",2024-08-11
MG 5 A/T / Standard 2025,"830,000
EGP","trending_up
+30,000
EGP","860,000
EGP",2024-08-11
Vgv U70 Pro A/T / Top Line 2024,"1,195,000
EGP","trending_down
-115,100
EGP","1,079,900
EGP",2024-08-05
Seat Tarraco A/T / FR 2024,"2,350,000
EGP","trending_up
+20,000
EGP","2,370,000
EGP",2024-08-01
Seat Tarraco A/T / Experience 2024,"2,200,000
EGP","trending_up
+20,000
EGP","2,220,000
EGP",2024-08-01
Cupra Formentor Automtic 2024,"2,400,000
EGP","trending_up
+20,000
EGP","2,420,000
EGP",2024-08-01
Hyundai Elantra AD A/T / Top Line 2025,"1,080,000
EGP","trending_up
+15,000
EGP","1,095,000
EGP",2024-08-01
Hyundai Elantra AD A/T / Modern 2025,"980,000
EGP","trending_up
+15,000
EGP","995,000
EGP",2024-08-01
Hyundai Elantra AD A/T / Smart 2025,"920,000
EGP","trending_up
+15,000
EGP","935,000
EGP",2024-08-01
Hyundai Accent RB A/T / Highline 2025,"850,000
EGP","trending_up
+10,000
EGP","860,000
EGP",2024-08-01
Hyundai Accent RB A/T / DAB ABS PLUS 2025,"815,000
EGP","trending_up
+10,000
EGP","825,000
EGP",2024-08-01
Hyundai Accent RB A/T / DAB ABS 2025,"795,000
EGP","trending_up
+10,000
EGP","805,000
EGP",2024-08-01
Hyundai Accent RB A/T / SR 2025,"760,000
EGP","trending_up
+10,000
EGP","770,000
EGP",2024-08-01
Hyundai Accent RB A/T / GL 2025,"730,000
EGP","trending_up
+10,000
EGP","740,000
EGP",2024-08-01
Mitsubishi Outlander Sport Automtic / PREMIUM LINE 2025,"1,450,000
EGP","trending_up
+50,000
EGP","1,500,000
EGP",2024-08-01
Chery Tiggo 7 A/T / Highline 2025,"1,045,000
EGP","trending_up
+15,000
EGP","1,060,000
EGP",2024-08-01
Chery Tiggo 7 A/T /  Baseline 2025,"970,000
EGP","trending_up
+10,000
EGP","980,000
EGP",2024-08-01
Chery Tiggo 4 Pro A/T / Highline / Turbo 2025,"999,000
EGP","trending_up
+16,000
EGP","1,015,000
EGP",2024-08-01
Chery Tiggo 4 Pro A/T / Luxury 2025,"925,000
EGP","trending_up
+15,000
EGP","940,000
EGP",2024-08-01
Chery Tiggo 4 Pro A/T / Comfort 2025,"850,000
EGP","trending_up
+15,000
EGP","865,000
EGP",2024-08-01
Byd F3 Automtic 2025,"620,000
EGP","trending_up
+20,000
EGP","640,000
EGP",2024-07-03
Byd F3 Manual 2025,"540,000
EGP","trending_up
+20,000
EGP","560,000
EGP",2024-07-03
Hyundai Elantra AD A/T / Top Line 2025,"1,050,000
EGP","trending_up
+30,000
EGP","1,080,000
EGP",2024-07-01
Hyundai Elantra AD A/T / Modern 2025,"950,000
EGP","trending_up
+30,000
EGP","980,000
EGP",2024-07-01
Hyundai Elantra AD A/T / Smart 2025,"890,000
EGP","trending_up
+30,000
EGP","920,000
EGP",2024-07-01
Hyundai Accent RB A/T / Highline 2025,"825,000
EGP","trending_up
+25,000
EGP","850,000
EGP",2024-07-01
Hyundai Accent RB A/T / DAB ABS PLUS 2025,"790,000
EGP","trending_up
+25,000
EGP","815,000
EGP",2024-07-01
Hyundai Accent RB A/T / DAB ABS 2025,"770,000
EGP","trending_up
+25,000
EGP","795,000
EGP",2024-07-01
Hyundai Accent RB A/T / SR 2025,"735,000
EGP","trending_up
+25,000
EGP","760,000
EGP",2024-07-01
Hyundai Accent RB A/T / GL 2025,"705,000
EGP","trending_up
+25,000
EGP","730,000
EGP",2024-07-01
BMW 7 Series A/T /  i7 XDrive60 2024,"10,560,000
EGP","trending_down
-60,000
EGP","10,500,000
EGP",2024-07-01
BMW 7 Series A/T /  i7 XDrive60 2024,"10,500,000
EGP","trending_up
+60,000
EGP","10,560,000
EGP",2024-07-01
Soueast DX5 A/T / Top Line 2024,"950,000
EGP","trending_down
-50,000
EGP","900,000
EGP",2024-06-25
Geely Starray A/T / Sport +( AUTO MOBILITY) 2025,"1,849,000
EGP","trending_up
+80,000
EGP","1,929,000
EGP",2024-06-10
BMW X1 A/T / M Sport 2025,"3,275,000
EGP","trending_down
-110,000
EGP","3,165,000
EGP",2024-06-02
BMW 7 Series A/T / 740i 2025,"9,900,000
EGP","trending_up
+350,000
EGP","10,250,000
EGP",2024-06-02
Chery Tiggo 3 Automtic / Tinted Glass 2024,"855,000
EGP","trending_down
-75,000
EGP","780,000
EGP",2024-05-29
Subaru Forester Automtic 2024,"2,695,000
EGP","trending_down
-96,000
EGP","2,599,000
EGP",2024-05-21
Subaru XV Crosstrek Automtic 2024,"2,495,000
EGP","trending_down
-145,000
EGP","2,350,000
EGP",2024-05-21
Soueast DX5 A/T / Top Line 2024,"860,000
EGP","trending_up
+90,000
EGP","950,000
EGP",2024-05-09
Kia Grand Cerato A/T / Highline 2024,"1,649,900
EGP","trending_down
-200,000
EGP","1,449,900
EGP",2024-04-30
Kia Grand Cerato A/T / EX Cam 2024,"1,549,900
EGP","trending_down
-170,000
EGP","1,379,900
EGP",2024-04-30
Kia Grand Cerato A/T / LX FO 2024,"1,449,900
EGP","trending_down
-200,000
EGP","1,249,900
EGP",2024-04-30
Geely Okavango A/T /Premium / (Abou Ghaly) 2024,"1,879,900
EGP","trending_down
-210,000
EGP","1,669,900
EGP",2024-04-24
Chery Tiggo 3 Automtic / Tinted Glass 2024,"955,000
EGP","trending_down
-100,000
EGP","855,000
EGP",2024-04-18
Ford Focus A/T /  Titanium 5Dr 2023,"1,465,000
EGP","trending_down
-100,000
EGP","1,365,000
EGP",2024-04-15
Ford Focus A/T / Connected 5d 2023,"1,425,000
EGP","trending_down
-100,000
EGP","1,325,000
EGP",2024-04-15
Ford Focus A/T / Titanium 4d 2023,"1,485,000
EGP","trending_down
-100,000
EGP","1,385,000
EGP",2024-04-15
Ford Focus A/T / Connected 4d 2023,"1,450,000
EGP","trending_down
-100,000
EGP","1,350,000
EGP",2024-04-15
Ford Focus A/T / Trend 4d 2023,"1,390,000
EGP","trending_down
-100,000
EGP","1,290,000
EGP",2024-04-15
Cupra Formentor Automtic 2024,"2,550,000
EGP","trending_down
-150,000
EGP","2,400,000
EGP",2024-04-15
Seat Tarraco A/T / FR 2024,"2,600,000
EGP","trending_down
-250,000
EGP","2,350,000
EGP",2024-04-15
Seat Tarraco A/T / Experience 2024,"2,400,000
EGP","trending_down
-200,000
EGP","2,200,000
EGP",2024-04-15
Alfa Romeo Tonale A/T / Veloce 2024,"3,010,000
EGP","trending_down
-60,000
EGP","2,950,000
EGP",2024-04-02
Alfa Romeo Tonale A/T / TI 2024,"2,790,000
EGP","trending_down
-100,000
EGP","2,690,000
EGP",2024-04-02
Suzuki Grand vitara A/T / GLX 2 Tone 2024,"2,050,000
EGP","trending_down
-250,000
EGP","1,800,000
EGP",2024-03-27
Suzuki Grand vitara A/T / GLX 2024,"2,000,000
EGP","trending_down
-250,000
EGP","1,750,000
EGP",2024-03-27
Suzuki Fronx A/T / GLX 2 Tone 2024,"1,700,000
EGP","trending_down
-200,000
EGP","1,500,000
EGP",2024-03-27
Suzuki Fronx A/T / GLX 2024,"1,650,000
EGP","trending_down
-200,000
EGP","1,450,000
EGP",2024-03-27
Suzuki Fronx A/T / GL / 2 tone 2024,"1,600,000
EGP","trending_down
-200,000
EGP","1,400,000
EGP",2024-03-27
Suzuki Fronx A/T / GL 2024,"1,550,000
EGP","trending_down
-200,000
EGP","1,350,000
EGP",2024-03-27
Jac JS3 A/T / Top Line 2024,"1,104,900
EGP","trending_down
-86,000
EGP","1,018,900
EGP",2024-03-20
Citroën C Elysee A/T / Luxury 2024,"1,150,000
EGP","trending_down
-190,000
EGP","960,000
EGP",2024-03-20
Geely Okavango A/T /Premium / (Abou Ghaly) 2024,"1,513,900
EGP","trending_up
+366,000
EGP","1,879,900
EGP",2024-03-14
KGM Tivoli XLV Automtic 2024,"1,600,000
EGP","trending_down
-200,000
EGP","1,400,000
EGP",2024-03-13
KGM Tivoli Automtic 2024,"1,400,000
EGP","trending_down
-25,000
EGP","1,375,000
EGP",2024-03-13
KGM Tivoli Automtic 2024,"1,575,000
EGP","trending_down
-175,000
EGP","1,400,000
EGP",2024-03-13
KGM Tivoli XLV Automtic 2024,"1,190,000
EGP","trending_up
+410,000
EGP","1,600,000
EGP",2024-03-13
KGM Tivoli Automtic 2024,"1,150,000
EGP","trending_up
+425,000
EGP","1,575,000
EGP",2024-03-13
Soueast DX8S Coupe A/T / Active 2024,"989,990
EGP","trending_up
+209,010
EGP","1,199,000
EGP",2024-03-07
Zotye T300 Automtic 2024,"1
EGP","trending_up
+998,999
EGP","999,000
EGP",2024-02-28
Zotye T300 manual‏ 2024,"1
EGP","trending_up
+774,899
EGP","774,900
EGP",2024-02-28
Alfa Romeo Tonale A/T / Veloce 2024,"2,600,000
EGP","trending_up
+410,000
EGP","3,010,000
EGP",2024-02-20
Alfa Romeo Tonale A/T / TI 2024,"2,400,000
EGP","trending_up
+390,000
EGP","2,790,000
EGP",2024-02-20
Subaru XV Crosstrek Automtic 2024,"2,100,000
EGP","trending_up
+395,000
EGP","2,495,000
EGP",2024-02-19
Suzuki Grand vitara A/T / GLX 2 Tone 2024,"1,549,900
EGP","trending_up
+500,100
EGP","2,050,000
EGP",2024-02-19
Suzuki Grand vitara A/T / GLX 2024,"1,499,900
EGP","trending_up
+550,100
EGP","2,050,000
EGP",2024-02-19
Suzuki Fronx A/T / GLX 2 Tone 2024,"1,299,900
EGP","trending_up
+400,100
EGP","1,700,000
EGP",2024-02-19
Suzuki Fronx A/T / GLX 2024,"1,249,900
EGP","trending_up
+400,100
EGP","1,650,000
EGP",2024-02-19
Suzuki Fronx A/T / GL 2024,"1,149,900
EGP","trending_up
+400,100
EGP","1,550,000
EGP",2024-02-19
Citroën C Elysee A/T / Luxury 2024,"959,000
EGP","trending_up
+191,000
EGP","1,150,000
EGP",2024-02-14
Ford Focus A/T /  Titanium 5Dr 2023,"1,380,000
EGP","trending_up
+85,000
EGP","1,465,000
EGP",2024-02-13
Ford Focus A/T / Titanium 4d 2023,"1,385,000
EGP","trending_up
+100,000
EGP","1,485,000
EGP",2024-02-13
Ford Focus A/T / Connected 5d 2023,"1,340,000
EGP","trending_up
+85,000
EGP","1,425,000
EGP",2024-02-13
Ford Focus A/T / Connected 4d 2023,"1,350,000
EGP","trending_up
+100,000
EGP","1,450,000
EGP",2024-02-13
Ford Focus A/T / Trend 4d 2023,"1,290,000
EGP","trending_up
+100,000
EGP","1,390,000
EGP",2024-02-13
Jac JS3 A/T / Top Line 2024,"1,079,900
EGP","trending_up
+25,000
EGP","1,104,900
EGP",2024-02-13
Dongfeng A30 Shine A/T / SHINE -Limited Edition 2024,"1,125,000
EGP","trending_up
+60,000
EGP","1,185,000
EGP",2024-02-06
Chery Tiggo 3 Automtic / Tinted Glass 2024,"850,000
EGP","trending_up
+105,000
EGP","955,000
EGP",2024-02-01
Mini Mini Cooper S A/T / S 3-Door Iconic 2024,"2,050,000
EGP","trending_up
+370,000
EGP","2,420,000
EGP",2024-01-31
BMW X6 M A/T / M60I 2024,"7,300,000
EGP","trending_up
+1,700,000
EGP","9,000,000
EGP",2024-01-31
BMW X3 A/T / xDrive30i  xLine 2024,"3,800,000
EGP","trending_up
+800,000
EGP","4,600,000
EGP",2024-01-31
BMW 320 A/T / m340i xdrive 2024,"4,750,000
EGP","trending_up
+750,000
EGP","5,500,000
EGP",2024-01-31
BMW 320 A/T / 330 M SPORT 2024,"3,500,000
EGP","trending_up
+600,000
EGP","4,100,000
EGP",2024-01-31
BMW 320 A/T / Sport 2024,"2,750,000
EGP","trending_up
+600,000
EGP","3,350,000
EGP",2024-01-31
BMW 320 A/T / Luxury 2024,"2,575,000
EGP","trending_up
+525,000
EGP","3,100,000
EGP",2024-01-31
BMW 320 A/T / Advantage 2024,"2,400,000
EGP","trending_up
+500,000
EGP","2,900,000
EGP",2024-01-31
Ford Focus A/T /  Titanium 5Dr 2023,"1,230,000
EGP","trending_up
+150,000
EGP","1,380,000
EGP",2024-01-24
Ford Focus A/T / Connected 5d 2023,"1,190,000
EGP","trending_up
+150,000
EGP","1,340,000
EGP",2024-01-24
Ford Focus A/T / Titanium 4d 2023,"1,235,000
EGP","trending_up
+150,000
EGP","1,385,000
EGP",2024-01-24
Ford Focus A/T / Connected 4d 2023,"1,200,000
EGP","trending_up
+150,000
EGP","1,350,000
EGP",2024-01-24
Ford Focus A/T / Trend 4d 2023,"1,140,000
EGP","trending_up
+150,000
EGP","1,290,000
EGP",2024-01-24
Jac JS3 A/T / Top Line 2024,"919,900
EGP","trending_up
+160,000
EGP","1,079,900
EGP",2024-01-24
Chery Tiggo 3 Automtic / Tinted Glass 2024,"810,000
EGP","trending_up
+40,000
EGP","850,000
EGP",2024-01-21
Citroën C Elysee A/T / Luxury 2024,"889,000
EGP","trending_up
+70,000
EGP","959,000
EGP",2024-01-14
Jac JS3 A/T / Top Line 2024,"889,900
EGP","trending_up
+30,000
EGP","919,900
EGP",2024-01-07
Soueast DX8S Coupe A/T / Active 2024,"915,000
EGP","trending_up
+74,990
EGP","989,990
EGP",2024-01-03
Soueast DX7 NOVA A/T / Highline 2024,"979,900
EGP","trending_up
+10,000
EGP","989,900
EGP",2024-01-03
Chery Tiggo 3 Automtic / Tinted Glass 2024,"765,000
EGP","trending_up
+45,000
EGP","810,000
EGP",2024-01-02
Hyundai Elantra HD A/T / HIGHLINE TINTED GLASS 15 2024,"760,000
EGP","trending_up
+130,000
EGP","890,000
EGP",2023-12-31
Bestune B70 A/T / Premium 2024,"1,245,000
EGP","trending_up
+30,000
EGP","1,275,000
EGP",2023-12-21
Bestune B70 A/T / Deluxe 2024,"1,180,000
EGP","trending_up
+30,000
EGP","1,210,000
EGP",2023-12-21
Ford Focus A/T /  Titanium 5Dr 2023,"1,130,000
EGP","trending_up
+100,000
EGP","1,230,000
EGP",2023-12-17
Ford Focus A/T / Connected 5d 2023,"1,090,000
EGP","trending_up
+100,000
EGP","1,190,000
EGP",2023-12-17
Ford Focus A/T / Titanium 4d 2023,"1,135,000
EGP","trending_up
+100,000
EGP","1,235,000
EGP",2023-12-17
Ford Focus A/T / Connected 4d 2023,"1,100,000
EGP","trending_up
+100,000
EGP","1,200,000
EGP",2023-12-17
Ford Focus A/T / Trend 4d 2023,"1,040,000
EGP","trending_up
+100,000
EGP","1,140,000
EGP",2023-12-17
Jac JS3 A/T / Top Line 2024,"824,900
EGP","trending_up
+65,000
EGP","889,900
EGP",2023-12-07
Citroën C Elysee A/T / Luxury 2024,"849,000
EGP","trending_up
+40,000
EGP","889,000
EGP",2023-12-05
Chery Tiggo 3 Automtic / Tinted Glass 2024,"720,000
EGP","trending_up
+45,000
EGP","765,000
EGP",2023-12-03
Soueast DX5 A/T / Top Line 2024,"779,000
EGP","trending_up
+81,000
EGP","860,000
EGP",2023-11-30
Geely Okavango A/T /Premium / (Abou Ghaly) 2024,"1,449,900
EGP","trending_up
+64,000
EGP","1,513,900
EGP",2023-11-14
Citroën C Elysee A/T / Luxury 2024,"759,000
EGP","trending_up
+90,000
EGP","849,000
EGP",2023-11-08
Geely Okavango A/T /Premium / (Abou Ghaly) 2024,"1,429,900
EGP","trending_up
+20,000
EGP","1,449,900
EGP",2023-11-01
Chery Tiggo 3 Automtic / Tinted Glass 2024,"680,000
EGP","trending_up
+40,000
EGP","720,000
EGP",2023-11-01
Jac JS3 A/T / Top Line 2024,"774,900
EGP","trending_up
+50,000
EGP","824,900
EGP",2023-10-31
Soueast DX5 A/T / Top Line 2024,"769,000
EGP","trending_up
+10,000
EGP","779,000
EGP",2023-10-29
Citroën C Elysee A/T / Luxury 2024,"749,000
EGP","trending_up
+10,000
EGP","759,000
EGP",2023-10-22
Hyundai Elantra HD A/T / HIGHLINE TINTED GLASS 15 2024,"745,000
EGP","trending_up
+15,000
EGP","760,000
EGP",2023-10-16
Chery Tiggo 3 Automtic / Tinted Glass 2024,"665,000
EGP","trending_up
+15,000
EGP","680,000
EGP",2023-10-15
Ford Focus A/T /  Titanium 5Dr 2023,"1,080,000
EGP","trending_up
+50,000
EGP","1,130,000
EGP",2023-09-10
Ford Focus A/T / Connected 5d 2023,"1,040,000
EGP","trending_up
+50,000
EGP","1,090,000
EGP",2023-09-10
Ford Focus A/T / Titanium 4d 2023,"1,085,000
EGP","trending_up
+50,000
EGP","1,135,000
EGP",2023-09-10
Ford Focus A/T / Connected 4d 2023,"1,050,000
EGP","trending_up
+50,000
EGP","1,100,000
EGP",2023-09-10
Ford Focus A/T / Trend 4d 2023,"990,000
EGP","trending_up
+50,000
EGP","1,040,000
EGP",2023-09-10
Chery Tiggo 3 Automtic / Tinted Glass 2024,"625,000
EGP","trending_up
+40,000
EGP","665,000
EGP",2023-09-06
Hyundai Elantra HD A/T / HIGHLINE TINTED GLASS 15 2024,"725,000
EGP","trending_up
+20,000
EGP","745,000
EGP",2023-09-03
Hyundai Elantra HD A/T / HIGHLINE TINTED GLASS 15 2024,"700,000
EGP","trending_up
+25,000
EGP","725,000
EGP",2023-07-31
Chery Tiggo 3 Automtic / Tinted Glass 2024,"610,000
EGP","trending_up
+15,000
EGP","625,000
EGP",2023-07-19
Hyundai Elantra HD A/T / HIGHLINE TINTED GLASS 15 2024,"650,000
EGP","trending_up
+50,000
EGP","700,000
EGP",2023-07-04
Ford Focus A/T / Connected 5d 2023,"860,000
EGP","trending_up
+180,000
EGP","1,040,000
EGP",2023-06-01
Ford Focus A/T / Titanium 4d 2023,"905,000
EGP","trending_up
+180,000
EGP","1,085,000
EGP",2023-06-01
Ford Focus A/T / Connected 4d 2023,"870,000
EGP","trending_up
+180,000
EGP","1,050,000
EGP",2023-06-01
Ford Focus A/T / Trend 4d 2023,"840,000
EGP","trending_up
+150,000
EGP","990,000
EGP",2023-06-01
Ford Focus A/T /  Titanium 5Dr 2023,"865,000
EGP","trending_up
+35,000
EGP","900,000
EGP",2023-05-03
Ford Focus A/T / Connected 5d 2023,"825,000
EGP","trending_up
+35,000
EGP","860,000
EGP",2023-05-03
Ford Focus A/T / Titanium 4d 2023,"870,000
EGP","trending_up
+35,000
EGP","905,000
EGP",2023-05-03
Ford Focus A/T / Connected 4d 2023,"835,000
EGP","trending_up
+35,000
EGP","870,000
EGP",2023-05-03
Ford Focus A/T / Trend 4d 2023,"805,000
EGP","trending_up
+35,000
EGP","840,000
EGP",2023-05-03
Ford Focus A/T /  Titanium 5Dr 2023,"835,000
EGP","trending_up
+30,000
EGP","865,000
EGP",2023-04-02
Ford Focus A/T / Connected 5d 2023,"795,000
EGP","trending_up
+30,000
EGP","825,000
EGP",2023-04-02
Ford Focus A/T / Titanium 4d 2023,"840,000
EGP","trending_up
+30,000
EGP","870,000
EGP",2023-04-02
Ford Focus A/T / Connected 4d 2023,"805,000
EGP","trending_up
+30,000
EGP","835,000
EGP",2023-04-02
Ford Focus A/T / Trend 4d 2023,"775,000
EGP","trending_up
+30,000
EGP","805,000
EGP",2023-04-02
Ford Focus A/T / Connected 5d 2023,"760,000
EGP","trending_up
+35,000
EGP","795,000
EGP",2023-03-02
Ford Focus A/T / Titanium 4d 2023,"805,000
EGP","trending_up
+35,000
EGP","840,000
EGP",2023-03-02
Ford Focus A/T / Connected 4d 2023,"770,000
EGP","trending_up
+35,000
EGP","805,000
EGP",2023-03-02
Ford Focus A/T / Trend 4d 2023,"740,000
EGP","trending_up
+35,000
EGP","775,000
EGP",2023-03-02
Ford Focus A/T /  Titanium 5Dr 2023,"760,000
EGP","trending_up
+40,000
EGP","800,000
EGP",2023-02-01
Ford Focus A/T / Connected 5d 2023,"720,000
EGP","trending_up
+40,000
EGP","760,000
EGP",2023-02-01
Ford Focus A/T / Titanium 4d 2023,"765,000
EGP","trending_up
+40,000
EGP","805,000
EGP",2023-02-01
Ford Focus A/T / Connected 4d 2023,"730,000
EGP","trending_up
+40,000
EGP","770,000
EGP",2023-02-01
Ford Focus A/T / Trend 4d 2023,"700,000
EGP","trending_up
+40,000
EGP","740,000
EGP",2023-02-01
Ford Focus A/T /  Titanium 5Dr 2023,"710,000
EGP","trending_up
+50,000
EGP","760,000
EGP",2023-01-18
Ford Focus A/T / Connected 5d 2023,"670,000
EGP","trending_up
+50,000
EGP","720,000
EGP",2023-01-18
Ford Focus A/T / Titanium 4d 2023,"715,000
EGP","trending_up
+50,000
EGP","765,000
EGP",2023-01-18
Ford Focus A/T / Connected 4d 2023,"680,000
EGP","trending_up
+50,000
EGP","730,000
EGP",2023-01-18
Ford Focus A/T / Trend 4d 2023,"560,000
EGP","trending_up
+140,000
EGP","700,000
EGP",2023-01-18
